locations_N1,locations_N2,features1,features2,locations_S1,locations_S2,store_features1,store_features2,Y
8.25,3.25,0.5564146,0.3927387,8.75,4,0.26424354,0.21562189,4.301818
2.75,6.75,0.31700587,0.4165977,5,7.375,0.014879316,0.57901543,16.059994
7.125,2.875,0.66004133,0.46598983,4.5,6.5,0.28525943,0.38233027,6.3055644
1,9.875,0.19512725,0.38655555,1.375,4,1,0.8554216,4.419218
0.125,2.75,0.507002,0.37050167,8.5,1.25,0.12114346,0.34138384,1.5229433
5,3.875,0.8280988,0.61185014,8.5,2,0.05836743,0.9737269,8.701859
0.875,9.375,0.19747315,0.46649686,5.25,7.375,0.10022113,0,3.1276624
8.25,7.5,0.3944216,0.6023829,3.125,6.375,0.081631705,1,11.622056
6.25,1.875,0.86218303,0.6223789,5.125,4.75,0,0.102817826,4.5742865
6.25,1.25,0.8942931,0.5685266,2.625,3,0.14850952,0.54574496,4.8834295
2.375,6.875,0.26973334,0.39911765,,,,,
4.25,5.375,0.63496274,0.43602157,,,,,
1.625,7.875,0.053406972,0.3725054,,,,,
1.625,5.5,0.49476522,0.2687679,,,,,
5,8.5,0.55236876,0.10943782,,,,,
4.875,7.25,0.5352186,0.5513404,,,,,
5.625,4.875,0.66503674,0.37651145,,,,,
4.375,4,0.7600648,0.6424498,,,,,
0.375,6,0.4767236,0.3955287,,,,,
2,7.125,0.121255055,0.3257692,,,,,
7.25,10,0.36769006,0.334955,,,,,
4.75,1.25,0.77712727,0.57609415,,,,,
0.125,8,0.1744016,0.35118395,,,,,
5.875,6.875,0.33310103,0.5299721,,,,,
0.375,4,0.6887828,0.40757555,,,,,
1.875,2.75,0.60060203,0.5224334,,,,,
8.875,8,0.44341865,0.33400664,,,,,
2.375,9.375,0.010041836,0.45960924,,,,,
4.375,9.125,0.3202237,0.1949408,,,,,
8.5,7.75,0.41056275,0.5100704,,,,,
9.875,5.125,0.37730524,0.36398262,,,,,
4.625,5.75,0.58614904,0.48156074,,,,,
9,1.125,0.77088326,0.33573142,,,,,
5.125,0.375,0.6736967,0.43062586,,,,,
0.375,9.25,0.22775942,0.47424272,,,,,
4.875,5.125,0.7295982,0.64387184,,,,,
4,7.75,0.3982027,0.52675307,,,,,
0.75,4.375,0.7691908,0.4717869,,,,,
1.875,3,0.65698856,0.5584693,,,,,
0.875,6.75,0.26769716,0.6233428,,,,,
2.25,4.875,0.50831497,0.3818813,,,,,
4.5,0.25,0.7858794,0.2360336,,,,,
3.625,6.375,0.41957235,0.14310266,,,,,
3.75,6.5,0.4705494,0.16743508,,,,,
1.875,1.375,0.65216976,0.29469782,,,,,
5.5,6.5,0.26701558,0.5039432,,,,,
10,8.125,0.31962755,0.481798,,,,,
8.75,3.125,0.54250896,0.55845016,,,,,
2.125,0.25,0.65304536,0.47572225,,,,,
8.125,3.75,0.50565004,0.41232646,,,,,
9.875,6.5,0.2708802,0.26835737,,,,,
2.625,7.375,0.2728297,0.28469238,,,,,
7.5,6.125,0.47012427,0.43716362,,,,,
8.375,3.875,0.51968306,0.3682916,,,,,
4.5,2.5,0.9959833,0.5199952,,,,,
8.625,5.25,0.53151536,0.4289351,,,,,
4.375,5.25,0.658131,0.28070417,,,,,
8.75,0.375,0.66025263,0.33408174,,,,,
8.25,8.625,0.4890719,0.34362713,,,,,
4.25,4,0.7791866,0.5510344,,,,,
6.75,0.125,0.5991152,0.5159897,,,,,
7.25,7.625,0.32378626,0.7115743,,,,,
3.125,0.875,0.831377,0.22138935,,,,,
1.75,5.25,0.5395316,0.30824083,,,,,
2.5,7.25,0.28007266,0.45191923,,,,,
5.625,4.125,0.7505402,0.43184575,,,,,
7.75,10,0.4244016,0.15268488,,,,,
3.625,7.75,0.2582471,0.4466883,,,,,
2.125,9.75,0.12222871,0.5963097,,,,,
5.25,9.375,0.48661324,0.26172918,,,,,
8,6.5,0.5208442,0.43723962,,,,,
6.25,2.875,0.76411986,0.58315337,,,,,
7,9.25,0.4528173,0.39551318,,,,,
4.375,3.625,0.8167239,0.41996473,,,,,
3.25,1.5,0.8894154,0.46238196,,,,,
8.25,3.875,0.50492877,0.49304995,,,,,
3.125,3.75,0.6982732,0.40275842,,,,,
1.5,7.375,0.12594154,0.51084113,,,,,
5.5,9.5,0.5324277,0.43913496,,,,,
0.875,1.25,0.58709425,0.4839191,,,,,
9.125,6.875,0.4059896,0.42905897,,,,,
1.625,7.25,0.114669494,0.44315547,,,,,
1.625,7.375,0.12809312,0.42139092,,,,,
7.375,9.375,0.3664262,0.61141574,,,,,
1.875,4.625,0.5317883,0.3726697,,,,,
3.5,9.25,0.10078353,0.09682806,,,,,
8.625,4.125,0.24158889,0.718662,,,,,
8.25,2.625,0.5336213,0.4336516,,,,,
6.625,4.375,0.7354184,0.5970794,,,,,
8.75,0.5,0.7087235,0.3753147,,,,,
2.875,2,0.7625513,0.48428318,,,,,
2.75,1.5,0.8670227,0.4561731,,,,,
8.25,4.125,0.36043987,0.48767802,,,,,
7.125,3.25,0.5835592,0.3039838,,,,,
4.875,6.25,0.4794991,0.5068351,,,,,
2.375,1,0.7455183,0.46219447,,,,,
0.375,0.375,0.5580617,0.33104524,,,,,
2.625,7.125,0.35791954,0.46300632,,,,,
5.25,6.75,0.2891543,0.48417646,,,,,
3.625,6.125,0.39267603,0.16360043,,,,,
3.25,2.375,0.8925401,0.21969816,,,,,
1.75,8.875,0.035244398,0.39762697,,,,,
5.875,9,0.47637823,0.25988185,,,,,
9.25,5.875,0.35868365,0.30883417,,,,,
8.75,4.5,0.4447812,0.64845526,,,,,
8.25,4.875,0.5072436,0.41093996,,,,,
3.75,8.625,0.31018952,0.23879787,,,,,
2.375,2.25,0.6011235,0.5283263,,,,,
6.75,0.75,0.7976292,0.7018615,,,,,
1.375,7.75,0.07746712,0.6003457,,,,,
0.875,3.5,0.6991346,0.2953963,,,,,
1.75,9.375,0.10277637,0.5558464,,,,,
5.375,9.75,0.4114043,0.57215405,,,,,
3.25,3.125,0.9124718,0.68930143,,,,,
7.625,0,0.70834357,0.4472298,,,,,
2,3.125,0.67838335,0.46051738,,,,,
4.875,8.875,0.6425829,0.21237111,,,,,
5.625,10,0.4065967,0.31757045,,,,,
8.75,6.25,0.35273948,0.62259215,,,,,
3.875,5.375,0.55222994,0.43709576,,,,,
2,4.25,0.6428084,0.37914062,,,,,
4.5,2.625,0.9422646,0.4804816,,,,,
2,7,0.18796161,0.39733323,,,,,
7.75,2.375,0.6007286,0.47061902,,,,,
0,5,0.5468612,0.5589636,,,,,
7,8.875,0.38482386,0.37686187,,,,,
1.5,6.25,0.41094923,0.417771,,,,,
9.125,7.25,0.46907893,0.58231664,,,,,
0.25,2.75,0.50598496,0.41116652,,,,,
1.25,9.875,0.17249656,0.49348238,,,,,
8.875,6.5,0.2984699,0.59018666,,,,,
3.875,3.25,0.9880623,0.18995239,,,,,
1.75,1.375,0.63223696,0.39721045,,,,,
6.875,2.75,0.7162634,0.4306894,,,,,
9.875,4,0.36430377,0.2962903,,,,,
5.125,2,0.9495474,0.6065624,,,,,
3.125,7.5,0.31480175,0.14940053,,,,,
5,1,0.7621212,0.55739355,,,,,
3.75,5.625,0.49435735,0.35897171,,,,,
8,4.625,0.4750895,0.5031898,,,,,
2.625,0.625,0.8236786,0.25429848,,,,,
3.375,5.875,0.4892104,0.3811558,,,,,
1,4.125,0.7242482,0.23589088,,,,,
7.875,1.375,0.74680907,0.4430637,,,,,
1.25,9.625,0.12881298,0.5012252,,,,,
6.75,2.75,0.69266343,0.37306592,,,,,
0.875,6.25,0.34280032,0.6937706,,,,,
3.125,5.375,0.559061,0.42852995,,,,,
6.5,0.25,0.6316672,0.7070508,,,,,
0,1.875,0.4662825,0.37427688,,,,,
8.875,7.875,0.45456335,0.26105818,,,,,
5.375,9,0.49909776,0.20179577,,,,,
7.625,1.25,0.6555976,0.56047577,,,,,
3.625,5,0.6642212,0.45303467,,,,,
0.875,2.375,0.6115776,0.3901365,,,,,
7.875,3.75,0.43644652,0.25835466,,,,,
9.125,9.5,0.44139802,0.4630352,,,,,
2.75,8.875,0.20375124,0.45686847,,,,,
3.25,3.375,0.86273164,0.820277,,,,,
2.125,6.125,0.45195097,0.39755592,,,,,
1.125,1.375,0.6003454,0.55171824,,,,,
2.375,2.75,0.59564775,0.59907174,,,,,
0,7.75,0.22014233,0.22072573,,,,,
4,1.375,0.8624619,0.6241924,,,,,
9.625,1,0.67618793,0.21786748,,,,,
3.625,0.5,0.84049743,0.2914389,,,,,
7.875,4.625,0.37281525,0.53249866,,,,,
2.125,2.125,0.54615945,0.5268786,,,,,
10,4.125,0.36116812,0.30069107,,,,,
9.5,1.125,0.67333305,0.2722752,,,,,
4.125,3.25,0.9513379,0.4209253,,,,,
2.75,4.375,0.6008002,0.51299953,,,,,
5.75,1,0.78390557,0.59888816,,,,,
8.25,4.375,0.44345963,0.5627767,,,,,
8.875,9.5,0.45605138,0.60471934,,,,,
6.375,10,0.47193602,0.28298724,,,,,
0.5,5.375,0.5187227,0.69538015,,,,,
9.375,8.625,0.55864584,0.52007127,,,,,
7,6.5,0.56733114,0.4328727,,,,,
3.5,7.375,0.31739575,0.28027618,,,,,
7.875,7.5,0.3986096,0.4305633,,,,,
1.875,9.5,0.1019236,0.4811811,,,,,
5.5,4.625,0.7828166,0.59768206,,,,,
1.375,2.25,0.5761088,0.1914827,,,,,
8.125,8.625,0.48890033,0.41920206,,,,,
6.375,1.75,0.82504827,0.56823444,,,,,
5.5,8.125,0.42731613,0.1926351,,,,,
9.75,3.75,0.51861167,0.7101972,,,,,
0.5,7.625,0.21275179,0.5679976,,,,,
2.75,0.125,0.7686059,0,,,,,
0.375,0.625,0.58515483,0.44723296,,,,,
6.375,4,0.7485164,0.64984965,,,,,
1.5,5.625,0.53445643,0.21322599,,,,,
1.125,10,0.24938022,0.3680771,,,,,
3.875,9.125,0.2204093,0.16499257,,,,,
0,3.375,0.64127475,0.37838703,,,,,
8.625,2.5,0.5670385,0.36667454,,,,,
3.25,4.25,0.6606811,0.66939193,,,,,
8.625,5.625,0.42898923,0.29979247,,,,,
2.75,9,0.18973786,0.48727375,,,,,
1.125,8,0.06064871,0.24854247,,,,,
7,6.75,0.4483747,0.2696599,,,,,
2.75,6.875,0.3296192,0.36467296,,,,,
4.625,5.875,0.5572759,0.47064042,,,,,
7.125,8.625,0.324029,0.34307298,,,,,
2.25,1.375,0.7154083,0.2289891,,,,,
7.25,4.625,0.62959546,0.31933337,,,,,
3.875,4.625,0.67372006,0.4755186,,,,,
7.375,0.375,0.72226554,0.5156714,,,,,
4.125,5,0.65747845,0.26119843,,,,,
4.5,8.75,0.5111342,0.13935246,,,,,
9.75,4.875,0.40734583,0.38705498,,,,,
2.5,5.75,0.46970913,0.57751846,,,,,
6.125,10,0.46984592,0.5668232,,,,,
9.625,0.75,0.6610014,0.29601976,,,,,
3.375,5.75,0.5012015,0.30504674,,,,,
10,5.25,0.35389504,0.36767557,,,,,
0.25,5,0.56386465,0.64264387,,,,,
8.375,0.875,0.66265255,0.5698238,,,,,
5.75,2.5,0.86228454,0.5702203,,,,,
8.375,3.625,0.5525352,0.42366704,,,,,
8.625,6,0.44813782,0.5841839,,,,,
2.25,6.625,0.33229718,0.47306162,,,,,
2.25,5.25,0.52790153,0.3748834,,,,,
9.25,9.875,0.4492502,0.51120037,,,,,
8.25,1.5,0.6889962,0.29492304,,,,,
5.25,0.875,0.63110554,0.39107946,,,,,
7.375,3.5,0.6104646,0.27028388,,,,,
8.125,2.25,0.61300194,0.44524565,,,,,
0.25,3,0.48232284,0.30398166,,,,,
1.25,1.125,0.5765669,0.42358917,,,,,
7.125,6.125,0.49508724,0.5097641,,,,,
4.875,8.25,0.6050944,0.4369369,,,,,
1.375,8,0.18028231,0.23442994,,,,,
7.375,1.125,0.7286577,0.37129694,,,,,
3.375,2.125,0.9346827,0.26827306,,,,,
3.375,3.875,0.63462543,0.31349993,,,,,
8.875,6,0.39631066,0.5514394,,,,,
3.375,4.5,0.61298794,0.37329572,,,,,
9,2.625,0.6193135,0.44044018,,,,,
8.625,2.375,0.6195202,0.47074285,,,,,
2.875,3,0.7881974,0.5481955,,,,,
7.875,8.5,0.43687496,0.42722622,,,,,
7.125,1.25,0.71055686,0.4574953,,,,,
4.875,7.5,0.646908,0.48998722,,,,,
0,0.375,0.6084651,0.46805173,,,,,
4,9.75,0.29368922,0.2938089,,,,,
3.625,6.25,0.41631797,0.1384649,,,,,
2,8.625,0.089880124,0.49956575,,,,,
2.125,8.75,0.018357629,0.4679286,,,,,
10,7.375,0.26925883,0.6526962,,,,,
2.875,2.25,0.76172334,0.39523065,,,,,
2.5,2.5,0.66460794,0.45477825,,,,,
8.25,1.75,0.7712905,0.30849323,,,,,
1.75,1,0.5813444,0.4721519,,,,,
7.5,3,0.5281277,0.3896652,,,,,
0.5,5.625,0.53318876,0.5034948,,,,,
8.25,9.625,0.41524547,0.24135976,,,,,
7.5,0.625,0.6621722,0.7107464,,,,,
0.5,6.625,0.25683048,0.37709895,,,,,
4.5,5.875,0.5766602,0.4057415,,,,,
1.75,7,0.22301483,0.38205123,,,,,
0.5,1.5,0.61786145,0.4447727,,,,,
6.5,8.625,0.521189,0.36521405,,,,,
9.625,5,0.38024116,0.48978928,,,,,
0,4.625,0.5693391,0.49053302,,,,,
0.75,2.125,0.4877644,0.48376396,,,,,
8.5,9.25,0.4522473,0.54057735,,,,,
2.5,1.25,0.7922276,0.4265541,,,,,
3.5,7.125,0.35130557,0.09502885,,,,,
1.25,6.5,0.37999842,0.36523455,,,,,
8,8.625,0.4527022,0.45933738,,,,,
7.875,8.625,0.51913786,0.41813952,,,,,
4.875,4.125,0.6593318,0.44557014,,,,,
4.375,1,0.781991,0.6204669,,,,,
5.375,8,0.4494272,0.55853087,,,,,
3.375,0.625,0.78904283,0.10147799,,,,,
4.5,7.625,0.41245675,0.42442653,,,,,
9.25,5.75,0.34237704,0.16471508,,,,,
9.625,8.75,0.4879048,0.523178,,,,,
2.5,2.25,0.6365351,0.46226963,,,,,
8.875,2.875,0.4967053,0.4163303,,,,,
9.75,9.75,0.4730479,0.49633452,,,,,
6.375,1,0.84608424,0.6044791,,,,,
1.5,5.375,0.47677302,0.14441834,,,,,
8.375,1.625,0.71773267,0.42471084,,,,,
8.125,4.375,0.38617933,0.47458422,,,,,
9.125,5.625,0.36656937,0.3825403,,,,,
3.375,0,0.7836199,0.026708907,,,,,
8.5,1.375,0.7953866,0.3485353,,,,,
5.375,0.5,0.66895854,0.43227062,,,,,
0.25,8.5,0.14638418,0.41034114,,,,,
6.125,4.25,0.63893586,0.326866,,,,,
6.5,0.125,0.6948724,0.52536774,,,,,
3.5,1.25,0.80273527,0.54918534,,,,,
4.375,1.5,0.87656,0.7566803,,,,,
6.25,0.125,0.5686717,0.47198543,,,,,
3.25,0.75,0.81936383,0.0948092,,,,,
1.25,3.5,0.70183015,0.34960997,,,,,
4.625,3.125,0.9185119,0.50988334,,,,,
2.875,1,0.7357891,0.28840306,,,,,
3.625,8.25,0.21873693,0.54909205,,,,,
6.25,2,0.88861996,0.48726898,,,,,
7.625,9.75,0.4238421,0.26858845,,,,,
9.625,3,0.37944198,0.41220745,,,,,
4.125,6.375,0.43385342,0.15661778,,,,,
5.75,4.5,0.69773453,0.39970744,,,,,
6.625,1.375,0.8812113,0.6337051,,,,,
7.5,7.75,0.3259501,0.51350576,,,,,
0.625,1.625,0.6425206,0.6031801,,,,,
2.125,5.5,0.43565452,0.46094373,,,,,
2.75,2.375,0.7037591,0.38405934,,,,,
0,9,0.19718893,0.45039496,,,,,
9.75,8.875,0.52332354,0.5216959,,,,,
2.375,4.625,0.5074645,0.30891582,,,,,
6.125,3.625,0.6637562,0.39423952,,,,,
0.125,7,0.32788765,0.2783315,,,,,
1.75,0.625,0.5435376,0.5198137,,,,,
9.75,7.125,0.23955466,0.567018,,,,,
7.375,8.75,0.38933855,0.55004716,,,,,
4.5,6.875,0.5269207,0.5376434,,,,,
7,3,0.6505481,0.49784622,,,,,
5,5.125,0.73341393,0.46602246,,,,,
8,4.375,0.4320236,0.4709677,,,,,
3.875,2.625,0.9810715,0.4102434,,,,,
5.625,5.125,0.70205885,0.49935624,,,,,
2.125,6.25,0.4357245,0.39774323,,,,,
3.125,5.75,0.54990834,0.29735968,,,,,
2.375,0.625,0.7545816,0.4117311,,,,,
4.375,9.25,0.31543544,0.2786479,,,,,
3.625,6.875,0.3314783,0.15921511,,,,,
6.25,7.875,0.31635937,0.34177834,,,,,
8.125,9.125,0.43379524,0.25870332,,,,,
6.125,7.125,0.29167628,0.45883197,,,,,
7.875,0.375,0.6530087,0.6135191,,,,,
10,5.125,0.38003302,0.36763054,,,,,
0.375,1.625,0.5914187,0.5081871,,,,,
5.625,7.5,0.48888952,0.21396126,,,,,
4.25,10,0.37330446,0.4327624,,,,,
8.125,6.375,0.5431133,0.24790525,,,,,
3.75,0.75,0.78172517,0.30789357,,,,,
9.375,0,0.59747326,0.31645587,,,,,
5.625,5.25,0.7364861,0.43967417,,,,,
2,3.625,0.71715903,0.56823283,,,,,
9.125,9.875,0.5151086,0.513447,,,,,
2,9.75,0.07210104,0.57269794,,,,,
7,0,0.5921526,0.46607774,,,,,
2.375,6.25,0.3201279,0.5032542,,,,,
4.75,9.125,0.42562795,0.032117218,,,,,
1.25,0,0.4517964,0.3073463,,,,,
2.375,5.5,0.53347963,0.40578797,,,,,
8.375,10,0.5052567,0.371871,,,,,
2.375,7.5,0.20939977,0.43584967,,,,,
8.75,4.375,0.3986948,0.6302053,,,,,
2.625,1.75,0.81184244,0.52989066,,,,,
4.25,6.125,0.51712435,0.5456877,,,,,
0.5,8.375,0.09914723,0.3572263,,,,,
6.75,6.75,0.5238647,0.22854403,,,,,
5.875,0.75,0.67668134,0.36466146,,,,,
6.25,0.25,0.6613203,0.44264826,,,,,
9.875,0,0.58111006,0.3461696,,,,,
6.75,5,0.5969611,0.29827613,,,,,
5,5.625,0.7033068,0.7989479,,,,,
4.625,1.75,0.8772566,0.7818449,,,,,
1.75,3.25,0.6728632,0.40467173,,,,,
9.75,1.25,0.70721215,0.32678765,,,,,
1.875,7.875,0.11170178,0.37776506,,,,,
1,4.375,0.77859217,0.28398404,,,,,
0.125,5.875,0.42944947,0.54514956,,,,,
3.75,0.625,0.6984124,0.19538939,,,,,
6.5,1.75,0.8018645,0.5202511,,,,,
7.25,7.5,0.2819902,0.5981834,,,,,
5.5,3.375,0.74335814,0.36218548,,,,,
1.625,9.375,0.130808,0.41415808,,,,,
8.25,8.25,0.38838974,0.53680587,,,,,
0.875,7.375,0.11642927,0.3522315,,,,,
7.375,1.875,0.7178778,0.46047905,,,,,
8.375,6.625,0.42861292,0.53438604,,,,,
9.625,3.75,0.55269206,0.61312294,,,,,
8.125,6.5,0.5050629,0.33954903,,,,,
0.25,5.25,0.52046055,0.63053304,,,,,
5.125,0.25,0.6745824,0.003866436,,,,,
8.375,4.125,0.35666916,0.49299613,,,,,
3.625,2.25,0.8911588,0.37988478,,,,,
2.875,4.125,0.60288185,0.507468,,,,,
3.125,5.875,0.53416187,0.33191735,,,,,
2.25,8.5,0.0819956,0.50726986,,,,,
3.75,0.375,0.7812691,0.3776888,,,,,
0.5,2.125,0.6348603,0.34545407,,,,,
0.375,7.75,0.20283867,0.46491605,,,,,
4.125,0.125,0.79364526,0.47716147,,,,,
3.375,0.875,0.76954365,0.10330087,,,,,
3.375,9.5,0.17147222,0.2229231,,,,,
8.75,0.125,0.66242605,0.44304368,,,,,
5.25,7.875,0.4781414,0.40724957,,,,,
1.25,0.125,0.5549722,0.3148802,,,,,
7.125,5.5,0.490827,0.501026,,,,,
9.125,3.5,0.43866372,0.5437055,,,,,
3,8.375,0.33091727,0.29356545,,,,,
0.25,4.875,0.62483567,0.61583745,,,,,
8.125,0.25,0.62468475,0.6508403,,,,,
2,6,0.47702914,0.29815516,,,,,
9.875,5.875,0.45153025,0.30460027,,,,,
5.375,8.5,0.46748042,0.25938922,,,,,
8.25,5.625,0.47961643,0.31409907,,,,,
3.375,9.25,0.17468922,0.21587281,,,,,
8.375,1.875,0.6760988,0.47803414,,,,,
7.875,7,0.54101586,0.61571074,,,,,
8.875,9.75,0.4512996,0.4891035,,,,,
4.625,1,0.78320736,0.52064186,,,,,
3.375,3.625,0.7412492,0.4696359,,,,,
3.625,1.625,0.92484814,0.46101978,,,,,
5.5,8,0.49991995,0.3195904,,,,,
0.875,2.125,0.5835894,0.395262,,,,,
1.875,1.625,0.5205175,0.19657116,,,,,
3.25,0,0.7600167,0.15735886,,,,,
3,7.875,0.29339612,0.23287204,,,,,
0.875,9.125,0.089557484,0.40167576,,,,,
0.125,6,0.45828763,0.54662067,,,,,
6.375,8.5,0.42819917,0.3938727,,,,,
5.25,9.25,0.55196637,0.31390852,,,,,
9.25,1.25,0.7479329,0.2491771,,,,,
6.5,4.375,0.6630775,0.5339547,,,,,
9.875,3.25,0.43801948,0.37209195,,,,,
0.875,9.875,0.25107574,0.2852309,,,,,
7.25,6.25,0.41490304,0.39679918,,,,,
9.5,1.625,0.5921392,0.37653026,,,,,
2.875,3.625,0.6704363,0.52594286,,,,,
2.625,2.75,0.71706575,0.48298037,,,,,
9.375,9.125,0.46737298,0.41586813,,,,,
0.375,3.75,0.6783039,0.41500163,,,,,
3.75,6.25,0.40295157,0.0780559,,,,,
8.75,4.625,0.4844711,0.7215728,,,,,
3.75,6.625,0.47116685,0.11598927,,,,,
1.25,0.5,0.58309144,0.4771749,,,,,
7.625,4.625,0.44055107,0.5691025,,,,,
3.625,0.375,0.8112159,0.26453272,,,,,
7.875,6.375,0.5051363,0.42170164,,,,,
1.375,7.875,0.12460384,0.36295146,,,,,
6.625,5.125,0.64745885,0.33944216,,,,,
8.25,7.375,0.43663746,0.5974111,,,,,
4.625,4.875,0.6660949,0.5987657,,,,,
9,5.125,0.40171337,0.5875764,,,,,
6.625,6.75,0.46496832,0.3940525,,,,,
3.625,6.625,0.4281254,0.24573044,,,,,
3.25,9.625,0.12484376,0.2516979,,,,,
7,0.375,0.68493885,0.5396502,,,,,
3.875,2.375,0.94429266,0.5462263,,,,,
3.625,4.125,0.7032894,0.13013673,,,,,
2.25,4.375,0.57592,0.4246823,,,,,
4.75,1.5,0.81983656,0.6607343,,,,,
5.75,2.75,0.76512814,0.44595972,,,,,
2.75,6.125,0.4480789,0.35662955,,,,,
3.375,9.375,0.2077102,0.1923073,,,,,
10,3.875,0.43952003,0.30762377,,,,,
4.5,2.375,0.98218566,0.5892642,,,,,
5.875,8.5,0.6250053,0.17214154,,,,,
0.125,0.875,0.6614052,0.39704666,,,,,
4.25,9.5,0.2904138,0.3070197,,,,,
2,8.875,0.09894693,0.6633111,,,,,
10,1.375,0.6199,0.5029713,,,,,
6,0.25,0.60793763,0.29072595,,,,,
6.75,4.25,0.7264652,0.38609546,,,,,
5.875,7.5,0.4071114,0.43891722,,,,,
5.375,3.25,0.81270856,0.56386596,,,,,
7.75,3.75,0.49591023,0.2566277,,,,,
1,2.875,0.5739406,0.42659697,,,,,
5.5,9.25,0.53351045,0.25044522,,,,,
0.25,10,0.36622113,0.50849336,,,,,
3,0.25,0.7395551,0.1081597,,,,,
0.75,0.375,0.6267606,0.37773067,,,,,
3.375,4.625,0.63290423,0.31993547,,,,,
2,6.25,0.48542726,0.37044305,,,,,
4.375,9.375,0.3489842,0.27416858,,,,,
6,9.5,0.47271067,0.33480522,,,,,
4,9.625,0.27170697,0.2658917,,,,,
8.5,9,0.5146226,0.5080252,,,,,
10,8,0.3135672,0.59328127,,,,,
7.5,1.5,0.7967232,0.41821298,,,,,
1.25,2.375,0.6235642,0.34812385,,,,,
4.625,0.25,0.73929304,0.24348477,,,,,
8.125,7.75,0.32316694,0.43379587,,,,,
6.875,3.25,0.59079874,0.33794412,,,,,
4,9.5,0.17661491,0.27736115,,,,,
8.375,9.125,0.44333526,0.47099704,,,,,
7.375,9,0.4632092,0.5524171,,,,,
6.375,2.375,0.7901338,0.34203392,,,,,
1.75,4.75,0.5171663,0.3409915,,,,,
0.125,7.5,0.29541472,0.5074091,,,,,
4.5,5.625,0.6914668,0.43853015,,,,,
0.25,7.5,0.28525972,0.40020925,,,,,
4.875,3.5,0.82045037,0.38981542,,,,,
6.125,2.375,0.8108132,0.456333,,,,,
7.25,5,0.6004103,0.6129502,,,,,
7.75,4.375,0.49003533,0.41726217,,,,,
7.125,3.5,0.6132295,0.34780806,,,,,
7.375,6.875,0.4768111,0.41031143,,,,,
8.875,7.5,0.3367409,0.71156734,,,,,
9.875,5.75,0.4351537,0.4257502,,,,,
4.75,4.375,0.70021,0.37089184,,,,,
0,0.5,0.64659184,0.4159873,,,,,
2.5,2.125,0.63708824,0.36525306,,,,,
0.5,1.625,0.58003676,0.60539824,,,,,
2,5.875,0.41800392,0.3694976,,,,,
6.625,0.625,0.71622,0.70609725,,,,,
4.875,2.625,0.8054172,0.47336534,,,,,
6.625,4.25,0.7464504,0.4769416,,,,,
7.875,5.125,0.47017777,0.48996952,,,,,
9.625,0.125,0.6757846,0.4993113,,,,,
3.25,2.25,0.82559603,0.24084076,,,,,
5.125,7.25,0.3733846,0.5095177,,,,,
1.875,7.75,0.0622077,0.27455088,,,,,
3.5,7,0.3206225,0.18187955,,,,,
9.5,4.125,0.46780708,0.42694792,,,,,
2.625,9.625,0.011967532,0.4331076,,,,,
8.25,0.625,0.65949386,0.5341423,,,,,
9.875,7.25,0.278349,0.533632,,,,,
4,8.125,0.40690514,0.40265727,,,,,
9.375,4.5,0.41275907,0.42175677,,,,,
4.75,7,0.46088186,0.51225257,,,,,
9.5,6.875,0.34792775,0.4796276,,,,,
9.625,5.75,0.46070188,0.37258512,,,,,
4.125,5.625,0.58663875,0.4343237,,,,,
5.875,6.125,0.36383745,0.3486341,,,,,
5,8.25,0.6018521,0.23353773,,,,,
1.75,4.125,0.61531246,0.41388416,,,,,
1.125,1.875,0.54400665,0.39802486,,,,,
4,4.25,0.7397159,0.37761754,,,,,
7.5,1,0.77841336,0.5704771,,,,,
6.75,5.5,0.61323726,0.38575515,,,,,
3.125,5.5,0.600515,0.23828699,,,,,
5.75,4.875,0.64930594,0.33004832,,,,,
9.875,9.125,0.53689957,0.40011832,,,,,
0.5,2.5,0.6308949,0.35140696,,,,,
8.625,6.375,0.45543444,0.6856612,,,,,
1.125,1.125,0.55154735,0.4863265,,,,,
3.375,1.625,0.8848554,0.4681641,,,,,
0.375,1.75,0.53055227,0.5394363,,,,,
9.375,2,0.59958667,0.45320952,,,,,
2.75,7.5,0.30789387,0.22286065,,,,,
4.75,4.25,0.6685226,0.38625288,,,,,
5,6,0.52711713,0.36898744,,,,,
6.625,7,0.45674494,0.2794015,,,,,
3.75,7.625,0.30328575,0.13084105,,,,,
8.5,1.625,0.7724986,0.41994736,,,,,
1.5,5.875,0.41371304,0.44416118,,,,,
0.75,3.5,0.64586586,0.2894571,,,,,
1.5,3.75,0.64110464,0.47943842,,,,,
1.25,3.75,0.67915905,0.37560773,,,,,
9.625,0.375,0.6433476,0.56814945,,,,,
8.5,8.125,0.4570726,0.40385583,,,,,
9.625,7.375,0.34408233,0.66623616,,,,,
10,0.625,0.67552197,0.35359728,,,,,
8.125,4.125,0.36505768,0.43852016,,,,,
3.625,0,0.8097345,0.31332877,,,,,
0.75,9.5,0.21494396,0.27416062,,,,,
2,8.5,0.09074799,0.5787622,,,,,
4.125,7.125,0.38687667,0.22111298,,,,,
5,1.125,0.7960009,0.47343996,,,,,
9.25,5.375,0.3717687,0.24786253,,,,,
9.25,3.125,0.420985,0.54336137,,,,,
8.5,3.625,0.3933426,0.52235293,,,,,
7.375,6,0.43214908,0.53850883,,,,,
7.375,7.625,0.29577503,0.6390643,,,,,
6.375,4.375,0.60211957,0.5657823,,,,,
7.375,3.875,0.5602649,0.27913746,,,,,
5.125,5.625,0.6868791,0.7398494,,,,,
5.5,7.625,0.5473406,0.2375694,,,,,
3,5.5,0.6303374,0.32258868,,,,,
0.75,0.625,0.5700745,0.2870402,,,,,
6.875,8.5,0.395321,0.32801753,,,,,
7.875,5.375,0.55319077,0.63046134,,,,,
4.25,1.875,0.93119305,0.40425587,,,,,
9.625,4.75,0.41981882,0.347578,,,,,
0.875,7.25,0.09231941,0.39550942,,,,,
0.125,5,0.5408828,0.59518266,,,,,
8.25,9.875,0.51523095,0.2997986,,,,,
4,1.125,0.81790715,0.4380821,,,,,
2.75,6.5,0.39965588,0.49811563,,,,,
0.5,4.875,0.6359915,0.521809,,,,,
2.375,2.625,0.56181276,0.6583057,,,,,
5.75,7.25,0.33482805,0.5252517,,,,,
9.75,8.25,0.4867117,0.4876525,,,,,
4,0.875,0.8277382,0.5755692,,,,,
5.25,7.25,0.38882995,0.4062873,,,,,
2.75,3.125,0.7718643,0.588965,,,,,
7.875,5.75,0.47711146,0.553054,,,,,
7.375,1.5,0.7635933,0.35207132,,,,,
1.875,8,0.11030427,0.3532249,,,,,
5,6.375,0.44937924,0.46274373,,,,,
5,7.75,0.6452528,0.23896892,,,,,
8.125,0.875,0.70213455,0.55881387,,,,,
5.375,4.125,0.79873073,0.38007876,,,,,
1.375,4.25,0.6816934,0.17247285,,,,,
2.375,2.375,0.65513146,0.4875083,,,,,
5.375,9.625,0.38592938,0.49195096,,,,,
8.375,6,0.34805098,0.5166801,,,,,
0.375,5.625,0.47641954,0.37863895,,,,,
2.75,8.75,0.16901551,0.5761703,,,,,
1.875,8.25,0.13172211,0.4595522,,,,,
7.5,0.875,0.81051505,0.7565706,,,,,
6.125,2.5,0.76073104,0.55890906,,,,,
4.5,1.625,0.9016534,1,,,,,
5.75,1.375,0.8470762,0.6702177,,,,,
0.25,5.625,0.43924654,0.43132144,,,,,
3.125,9.125,0.17613135,0.23204066,,,,,
5.5,4.375,0.8465132,0.55194646,,,,,
8.375,0.625,0.68640715,0.33920234,,,,,
8.625,2.125,0.58544904,0.499061,,,,,
0,8.5,0.21526071,0.534475,,,,,
4.125,4.25,0.6853895,0.5018679,,,,,
7.125,1.125,0.7302038,0.46205354,,,,,
7.875,8.25,0.31259176,0.36574772,,,,,
7,7.625,0.2737096,0.53669035,,,,,
6,4.625,0.6500713,0.40282905,,,,,
9.5,4.25,0.41385967,0.465225,,,,,
7.125,2.125,0.6958639,0.43469188,,,,,
0.75,6.875,0.23040909,0.35687566,,,,,
4.625,9.5,0.33585894,0.30067742,,,,,
8.25,2.125,0.62808233,0.4487859,,,,,
0.25,6.375,0.39847523,0.30308554,,,,,
3.125,6.75,0.3821511,0.3508183,,,,,
1,9.125,0.13336332,0.47351143,,,,,
8.25,4.75,0.4685383,0.49579087,,,,,
4.5,9.5,0.34806705,0.46420228,,,,,
5,10,0.32928905,0.33522168,,,,,
7,9.5,0.4480935,0.46601176,,,,,
7.25,2.875,0.6176333,0.29131693,,,,,
3,0.75,0.83582026,0.22218369,,,,,
5.5,7.125,0.34526935,0.5015545,,,,,
4.25,0.625,0.7841197,0.4149676,,,,,
5.5,0.625,0.631183,0.4139037,,,,,
9.625,9.625,0.40741065,0.5412032,,,,,
6.75,2.875,0.650189,0.5208267,,,,,
7.5,8.375,0.31482476,0.2644408,,,,,
4.625,0.75,0.6742495,0.46933067,,,,,
6.125,5.5,0.6607417,0.57786196,,,,,
4.875,4.625,0.75130737,0.51043284,,,,,
3.75,8.125,0.2877877,0.4823898,,,,,
7.875,1.75,0.7712132,0.49707645,,,,,
4.25,8.5,0.4500607,0.35487434,,,,,
0.75,6.375,0.32671773,0.605777,,,,,
6.25,3.875,0.6744399,0.5368806,,,,,
8.5,1.5,0.80233437,0.338077,,,,,
6.75,3,0.57998216,0.3411012,,,,,
2.125,2.25,0.46366355,0.42722282,,,,,
8.375,3.5,0.547987,0.72220945,,,,,
2.875,4.75,0.47650218,0.49070433,,,,,
3.75,2.375,0.9222644,0.54322535,,,,,
1,4,0.67289835,0.25892743,,,,,
6.5,0.375,0.64381474,0.8189162,,,,,
1.875,3.375,0.6719398,0.6438926,,,,,
2,1.5,0.5820055,0.16933857,,,,,
0.625,7.25,0.15930447,0.36801192,,,,,
5.875,0,0.45736134,0.28790247,,,,,
8.875,8.875,0.55271673,0.40557015,,,,,
5.125,3.125,0.8873446,0.50370234,,,,,
3.25,8.375,0.23627463,0.30592996,,,,,
3.125,3.25,0.8797459,0.66639775,,,,,
7.375,9.75,0.39009842,0.31724107,,,,,
0.875,1.875,0.56091213,0.5790809,,,,,
0.125,6.5,0.311368,0.30864626,,,,,
0.375,2.75,0.58836967,0.4226142,,,,,
0.625,0.75,0.571908,0.23757625,,,,,
5.125,3,0.8824754,0.4347349,,,,,
3.125,1.375,0.82289803,0.4252372,,,,,
7.75,0.375,0.68588406,0.7367889,,,,,
4.625,7.25,0.47562593,0.5316463,,,,,
5.875,4,0.73390603,0.41526726,,,,,
5.5,4.875,0.71818155,0.5664821,,,,,
5.75,5.5,0.7314992,0.40639213,,,,,
5.625,4.5,0.72232926,0.36970195,,,,,
4,3.75,0.8505078,0.33915156,,,,,
5.625,0.875,0.75384283,0.49430215,,,,,
6.375,7.5,0.3309084,0.35037935,,,,,
4.5,7.125,0.557492,0.5178696,,,,,
4.125,2.5,0.9846734,0.53110725,,,,,
2.375,8.25,0.17672838,0.46066976,,,,,
9.75,9.875,0.4475106,0.43535212,,,,,
4.625,2.5,0.9572415,0.49120474,,,,,
1.75,6,0.49668106,0.44540474,,,,,
9.875,4.625,0.36543906,0.07579006,,,,,
7,1.25,0.7054375,0.46818137,,,,,
6.625,7.625,0.3404698,0.44238168,,,,,
2.125,2.625,0.56030285,0.5803681,,,,,
3.875,5.625,0.48109198,0.2766362,,,,,
8.875,4.875,0.5580424,0.45045626,,,,,
0.5,9.375,0.17376761,0.24643928,,,,,
2.125,2.375,0.48071867,0.6732109,,,,,
2.25,7.875,0.083556205,0.34140125,,,,,
4.125,1.875,0.95688254,0.33097714,,,,,
8.625,8.5,0.45446587,0.40406504,,,,,
0,4.125,0.58720595,0.40355408,,,,,
6.25,5.125,0.6618558,0.45958728,,,,,
1.25,9.375,0.14114101,0.3969799,,,,,
7.375,0.875,0.73978984,0.6773609,,,,,
4.125,7.5,0.39928958,0.43902233,,,,,
9,6,0.39025685,0.47797,,,,,
0.5,1.75,0.5805092,0.7649539,,,,,
7.75,7.75,0.35873148,0.49510407,,,,,
4,4.375,0.763967,0.5201085,,,,,
7.625,7.625,0.32976148,0.46867052,,,,,
5.25,4.75,0.79701275,0.6796632,,,,,
0.125,3.625,0.58201665,0.44308892,,,,,
4.125,4.5,0.671515,0.45985097,,,,,
0.125,3.875,0.593874,0.40138596,,,,,
5.375,7.125,0.25116912,0.40890503,,,,,
2.25,4,0.5480125,0.36626852,,,,,
1.75,8.5,0.12467945,0.5215493,,,,,
9.375,2.375,0.580786,0.66295934,,,,,
1.75,2.75,0.56589895,0.34270304,,,,,
8.625,1.875,0.6691353,0.57128733,,,,,
1.625,1.375,0.6147464,0.538719,,,,,
7.125,5.625,0.49944928,0.4825972,,,,,
7.25,3.5,0.6301,0.4343569,,,,,
9.25,3.75,0.4130532,0.7914229,,,,,
1.25,3,0.60184014,0.4808278,,,,,
2.75,0.875,0.73968107,0.18302672,,,,,
0.5,3.625,0.63417125,0.38054672,,,,,
6.875,9.875,0.4800758,0.40008366,,,,,
7.875,4.25,0.41884023,0.4940563,,,,,
6.25,5,0.678736,0.6348958,,,,,
3.125,9.5,0.18450008,0.5845989,,,,,
5,9,0.5598031,0.2682871,,,,,
9.75,5.5,0.4270645,0.25501406,,,,,
7.625,0.75,0.7214311,0.7475677,,,,,
2.125,1.25,0.64233804,0.20279638,,,,,
4,3.875,0.77439326,0.47164673,,,,,
2,3.25,0.6458623,0.5575072,,,,,
5.25,0.125,0.6688678,0.22863019,,,,,
3,1.5,0.79212207,0.49761632,,,,,
1.875,8.875,0.062004898,0.6686733,,,,,
7.875,5.875,0.4846025,0.6237628,,,,,
9.75,3.25,0.48870632,0.3767818,,,,,
0.125,7.625,0.28359923,0.3651008,,,,,
3.125,8.5,0.19205576,0.27652976,,,,,
1.375,7.125,0.17677535,0.6105522,,,,,
2.375,4.75,0.5168692,0.3433051,,,,,
2.875,9.5,0.1700229,0.4983089,,,,,
3,9.375,0.13064119,0.5319197,,,,,
6.5,8.875,0.4482785,0.5035948,,,,,
4,6.125,0.43018433,0.27801475,,,,,
5.5,6,0.44310334,0.33307835,,,,,
2.75,8.125,0.28597105,0.331881,,,,,
8.375,3.25,0.5148039,0.5039253,,,,,
9.75,4.25,0.43324018,0.41980487,,,,,
2.875,8.75,0.23603164,0.49961877,,,,,
3.875,8.125,0.39078367,0.40180123,,,,,
2.25,2.125,0.54070693,0.535007,,,,,
0.625,2.25,0.57244724,0.38391846,,,,,
2.25,0.25,0.6956649,0.56923085,,,,,
3.625,1.5,0.91010094,0.48374903,,,,,
9.875,8.625,0.5064474,0.372699,,,,,
6.125,4.875,0.5665262,0.3468911,,,,,
0.75,1.625,0.5784957,0.6594644,,,,,
4.875,4.375,0.7455577,0.40138125,,,,,
8.375,4.25,0.40952665,0.4810725,,,,,
9.875,6.875,0.28274274,0.44459078,,,,,
1.875,9.375,0.042224098,0.48170003,,,,,
6.875,0.375,0.6655463,0.39059356,,,,,
3.75,6,0.36630628,0.17533551,,,,,
1.75,1.5,0.5691687,0.08808407,,,,,
8.5,6.5,0.4856182,0.5211063,,,,,
10,8.875,0.54127944,0.3149508,,,,,
9.875,8.75,0.53545195,0.30216998,,,,,
3.375,7.375,0.3062898,0.26791206,,,,,
4,7.125,0.401002,0.30243152,,,,,
3.25,7.625,0.2405401,0.15451983,,,,,
1.5,0.375,0.51085097,0.63147026,,,,,
5.625,5,0.7163501,0.47842485,,,,,
2.125,2.875,0.60773396,0.71534604,,,,,
1,1.625,0.5316356,0.6656036,,,,,
9.125,4.625,0.38401815,0.43646467,,,,,
10,4.625,0.3567581,0.16261387,,,,,
7.25,7.875,0.29929549,0.6157846,,,,,
4.875,9.5,0.44313675,0.5072853,,,,,
7.75,2.125,0.6397194,0.34771144,,,,,
1.875,9,0.13341926,0.64168495,,,,,
1.625,1.75,0.5021586,0.3205186,,,,,
2.625,6.375,0.37105998,0.62473625,,,,,
5.625,8.125,0.46844205,0.2205692,,,,,
5.875,3.25,0.7087745,0.46435463,,,,,
4.625,2.125,0.90647936,0.86651593,,,,,
9.375,0.875,0.66075814,0.2724869,,,,,
1.25,7,0.2001949,0.48081335,,,,,
4,5.625,0.5590708,0.25928488,,,,,
7.375,7.375,0.33122766,0.46037537,,,,,
1.75,6.625,0.33720577,0.51023245,,,,,
6.5,9.875,0.58069754,0.28558657,,,,,
6.25,2.25,0.8244212,0.45342842,,,,,
6.375,1.375,0.9033307,0.7222439,,,,,
1.375,6.875,0.28953132,0.59893066,,,,,
6.75,3.625,0.6946703,0.47951344,,,,,
9.625,3.625,0.56510067,0.6306831,,,,,
0.375,5.75,0.5120114,0.42434284,,,,,
7.625,0.625,0.68371415,0.7406253,,,,,
1.125,8.75,0.11324439,0.55031824,,,,,
5.75,7.875,0.45377046,0.5413615,,,,,
2.75,1.625,0.83641165,0.4327473,,,,,
6.125,4.625,0.6531566,0.350255,,,,,
2.5,5.5,0.5858616,0.5242042,,,,,
7.375,3,0.57916224,0.35232005,,,,,
3.75,5.875,0.3791373,0.30028152,,,,,
6.125,3.875,0.61264026,0.45808592,,,,,
1.625,3.625,0.63666606,0.47663757,,,,,
1.875,5.625,0.49190274,0.5220438,,,,,
0.875,4.625,0.6832185,0.36555627,,,,,
1.125,2.625,0.67120767,0.33278903,,,,,
8.75,8.5,0.5309669,0.34890798,,,,,
4.25,5.25,0.6557514,0.41447905,,,,,
7.875,7.25,0.45172998,0.5425937,,,,,
7.25,9.375,0.38097724,0.6391086,,,,,
2.125,0.125,0.6050427,0.62057,,,,,
3.25,4.625,0.58028466,0.39658326,,,,,
0.875,6.125,0.3701057,0.39064258,,,,,
6.375,6.25,0.44747874,0.57008433,,,,,
8,6.625,0.5635472,0.461733,,,,,
2.125,10,0.040050406,0.68107194,,,,,
3.25,3.75,0.7209969,0.534478,,,,,
0.625,6.625,0.22991787,0.52257127,,,,,
9.875,3.625,0.47711873,0.6763786,,,,,
8.75,5.5,0.41224077,0.33107722,,,,,
6.125,9.5,0.5156709,0.27481735,,,,,
5.25,4.5,0.83071285,0.60871494,,,,,
6,3.875,0.70306003,0.46047887,,,,,
4.875,1.5,0.8572063,0.66910326,,,,,
8,1.375,0.76868606,0.5485744,,,,,
1.25,4.25,0.7329108,0.08540352,,,,,
3,1.625,0.80365676,0.49143976,,,,,
6,8,0.42162564,0.44764078,,,,,
8.375,4,0.36958963,0.515161,,,,,
6.625,9.125,0.549409,0.31485295,,,,,
9.875,9.875,0.4771544,0.49836203,,,,,
10,2.125,0.48016682,0.44575626,,,,,
1.25,2,0.5346243,0.37530068,,,,,
6,1.25,0.86067307,0.6642874,,,,,
1.625,5.875,0.43725315,0.41069928,,,,,
1.625,3.375,0.633553,0.42073256,,,,,
0,5.625,0.4692288,0.4163038,,,,,
0.125,4,0.61049634,0.3816286,,,,,
7.625,5.75,0.5268857,0.59162354,,,,,
3.125,5.125,0.5221411,0.44785804,,,,,
6.5,2.375,0.7035512,0.53507435,,,,,
1.375,3.125,0.64877886,0.43318814,,,,,
8.625,3.75,0.44768184,0.55480117,,,,,
7.125,0.125,0.6041101,0.54564714,,,,,
1.375,9.375,0.14751601,0.4610401,,,,,
4.875,5.375,0.7311227,0.6073688,,,,,
8,2.875,0.47476733,0.3629245,,,,,
3.125,4.125,0.67117316,0.658925,,,,,
0.5,7,0.19674563,0.5339815,,,,,
4.5,6.25,0.5560345,0.4442246,,,,,
7.25,2.5,0.65286875,0.3134435,,,,,
4.625,5.25,0.67717475,0.49356672,,,,,
9.375,8.125,0.50565475,0.60211515,,,,,
0.25,4,0.6826597,0.30522832,,,,,
0.5,5.5,0.48180893,0.6139965,,,,,
8.625,1,0.73589337,0.43796325,,,,,
9.5,2.25,0.5505906,0.6129969,,,,,
3.25,8.625,0.2731442,0.2415935,,,,,
0.75,9,0.06452689,0.4263694,,,,,
8.375,1.375,0.73669493,0.39725232,,,,,
5.5,0,0.62123364,0.15769142,,,,,
2,0.875,0.67506474,0.61691976,,,,,
1.75,7.375,0.116312094,0.4873377,,,,,
8,3.75,0.4615172,0.2863706,,,,,
6.625,8.75,0.5132439,0.30330938,,,,,
5.5,8.375,0.532344,0.17057908,,,,,
3.25,1,0.833897,0.21763082,,,,,
7.625,9.375,0.37292776,0.4288756,,,,,
9.75,7.875,0.3428551,0.46485806,,,,,
9.375,1.625,0.6841809,0.44019234,,,,,
5.375,2.625,0.8379477,0.60909164,,,,,
7.75,2.875,0.50736177,0.50351125,,,,,
9.25,2.625,0.5349358,0.53039443,,,,,
8.125,6.125,0.5132946,0.37020034,,,,,
4.125,2,1,0.31874517,,,,,
9,4,0.4195069,0.6729853,,,,,
7.375,4.75,0.61240286,0.50086683,,,,,
9.75,1.75,0.5341383,0.72913843,,,,,
5.75,9.75,0.42779937,0.49798328,,,,,
8.625,9.75,0.42078745,0.46590337,,,,,
6.25,7.625,0.3563124,0.35801795,,,,,
8.75,2.5,0.66676587,0.38080245,,,,,
2.5,6.125,0.36444554,0.6116384,,,,,
1,6.625,0.32576603,0.5054861,,,,,
8.875,6.375,0.33485025,0.6069009,,,,,
1.375,9,0.045844685,0.4176306,,,,,
0.625,8.375,0.11969881,0.47257376,,,,,
7.125,7.375,0.23461476,0.53752154,,,,,
1.75,2.375,0.5181967,0.4821998,,,,,
4.75,6,0.5132016,0.5207715,,,,,
1.25,8,0.16915205,0.3560807,,,,,
5.625,5.375,0.6887693,0.45900393,,,,,
5.875,3,0.7745631,0.6376476,,,,,
5.375,3.875,0.9152451,0.3447032,,,,,
4.125,10,0.32060638,0.43263295,,,,,
4.625,0.375,0.7514341,0.14465626,,,,,
0.25,4.625,0.557843,0.43598807,,,,,
0,4.375,0.5994475,0.41359484,,,,,
0.375,4.25,0.6169229,0.31294522,,,,,
5,9.25,0.52722996,0.3206935,,,,,
5.75,7,0.3502124,0.49448216,,,,,
0,9.875,0.27236333,0.46547166,,,,,
9.75,4.5,0.4543372,0.16869862,,,,,
6.875,5.125,0.62917954,0.3605017,,,,,
4.5,4.625,0.54447246,0.39060625,,,,,
9.875,2,0.40346396,0.6072709,,,,,
1.375,1.625,0.4755596,0.52353776,,,,,
3.75,4.25,0.70478946,0.387758,,,,,
8.375,6.5,0.4329759,0.4828532,,,,,
5.625,9.5,0.4583768,0.42680165,,,,,
1.875,9.875,0,0.44357377,,,,,
3,3.75,0.69865954,0.40441033,,,,,
9.5,6.25,0.33481425,0.31232524,,,,,
9.625,1.125,0.72486264,0.19643755,,,,,
2.875,8,0.31466886,0.36583522,,,,,
9.125,3.75,0.38146546,0.7171245,,,,,
6.125,0.375,0.64694107,0.42925727,,,,,
2.375,0.5,0.80041754,0.41434798,,,,,
0.5,7.75,0.1867933,0.43483624,,,,,
2.875,5.625,0.45688343,0.5448528,,,,,
8.125,0.125,0.6514657,0.64196694,,,,,
5.375,8.375,0.51475155,0.22815226,,,,,
6.375,9.375,0.5335711,0.19473287,,,,,
2.125,8.5,0.03271013,0.5081872,,,,,
9.875,0.125,0.6507263,0.3982797,,,,,
5.25,8.125,0.53773224,0.16275765,,,,,
1.375,3.75,0.62351674,0.3636363,,,,,
7.375,0.25,0.7366097,0.5689773,,,,,
3,2.25,0.8020316,0.41289794,,,,,
6,2.625,0.75815684,0.48716775,,,,,
3.875,5.25,0.5797322,0.35421342,,,,,
7.25,1,0.72097766,0.4860369,,,,,
5.125,5.25,0.79032683,0.5366446,,,,,
1.375,1.375,0.5701129,0.33500612,,,,,
8.75,0,0.67821044,0.46083248,,,,,
9.75,0.75,0.5749186,0.4886529,,,,,
0,8,0.25003365,0.23731145,,,,,
4.5,8.875,0.42529553,0.11493707,,,,,
1.75,0.125,0.62064147,0.45883873,,,,,
3.625,2.625,0.98568666,0.3497091,,,,,
4.625,5.5,0.66566026,0.44471145,,,,,
0.75,1.5,0.6321274,0.5764204,,,,,
8.125,3.25,0.56385463,0.43005866,,,,,
8.375,4.625,0.43862563,0.5323573,,,,,
6.75,8.625,0.46390736,0.39576584,,,,,
6.125,4.375,0.6866965,0.4371968,,,,,
5.125,0.75,0.6544994,0.37036705,,,,,
3.25,9.75,0.09793057,0.45710853,,,,,
5.5,4.75,0.73180073,0.64121133,,,,,
10,0,0.64998627,0.33193484,,,,,
2.875,5.375,0.59239906,0.62710077,,,,,
2.5,0.375,0.83309644,0.35590616,,,,,
5.875,9.625,0.48059422,0.40060717,,,,,
9.25,0.375,0.5639352,0.47071776,,,,,
0.875,9.25,0.17920713,0.5124365,,,,,
2.875,2.75,0.80134785,0.42928287,,,,,
7.625,0.125,0.7668238,0.56742483,,,,,
9.875,7.125,0.24763376,0.71080905,,,,,
0.5,6.875,0.19129369,0.50452304,,,,,
2.875,2.625,0.74529916,0.4930074,,,,,
6.625,5.375,0.63146144,0.47210607,,,,,
6.125,4,0.68491143,0.39397377,,,,,
7.5,1.875,0.7429775,0.5027019,,,,,
1,5.75,0.4698497,0.30661103,,,,,
7.125,4.875,0.5650571,0.5413212,,,,,
3.5,9.125,0.110278934,0.062656574,,,,,
6.875,9.125,0.4966993,0.4528265,,,,,
7.625,2,0.7341846,0.3138897,,,,,
0.125,0,0.59866697,0.3445205,,,,,
2.125,9.25,0.09060797,0.6255043,,,,,
1.75,7.625,0.09110937,0.21943194,,,,,
7.75,3.875,0.50396085,0.32829365,,,,,
2.375,1.25,0.7839432,0.3396765,,,,,
2,0.625,0.63695556,0.4243344,,,,,
5.375,6.5,0.35094985,0.4284152,,,,,
4.125,0.25,0.7926552,0.51972514,,,,,
1.375,8.25,0.04401317,0.3752071,,,,,
5.25,3.875,0.88547164,0.3979718,,,,,
7.5,2.375,0.71600664,0.49199855,,,,,
3.75,3.125,0.9750426,0.14140198,,,,,
3.5,2,0.9029843,0.37585306,,,,,
4.25,6,0.5094727,0.36162055,,,,,
0.375,1.875,0.57010126,0.36924893,,,,,
6.875,6.5,0.50847125,0.582961,,,,,
5.5,5.125,0.70841634,0.43306726,,,,,
9.5,5.625,0.3831088,0.3727889,,,,,
4.625,5.375,0.65633136,0.45862862,,,,,
4.375,8.75,0.49737737,0.11614155,,,,,
2.5,8.125,0.18983445,0.2763299,,,,,
3.5,0,0.8014144,0.15632468,,,,,
4.25,0.875,0.77615,0.50650096,,,,,
8,0.5,0.6473199,0.7567149,,,,,
1.25,8.375,0.1218566,0.43604007,,,,,
1,6,0.41836974,0.47176304,,,,,
9.625,7,0.3232542,0.50888085,,,,,
9.375,2.875,0.38670114,0.47482535,,,,,
6,9,0.5164823,0.24378623,,,,,
3.625,5.375,0.5916624,0.46438766,,,,,