addresskey,lat,lon,rateablevalue,inTown
183064075,,,20400,0
103069063,,,157000,0
23246082,,,97000,0
270989075,,,13250,0
104365075,,,18200,0
10366208000,,,79000,0
7264915000,,,36750,0
37595075,,,89300,0
1323521000,,,156000,1
13998075,,,26500,0
104910063,,,131000,1
7430251000,,,27000,1
7118696000,,,5500,0
7160974000,,,77500,0
2119882000,,,58500,0
59009052,,,51900,0
19022052,,,35300,0
24056052,,,290000,0
443474072,,,13500,1
168967058,,,4700,0
56003068,,,5400,0
1668196000,,,222000,0
60477053,,,39000,1
182820071,,,68000,0
264052075,,,13400,0
452617081,,,104000,1
11629041000,,,120000,1
101309063,,,121000,1
224217063,,,86000,0
120533075,,,14000,0
448086072,,,35300,0
237231081,,,11750,0
276492084,,,122000,0
3198750000,,,138300,0
38380082,,,109000,0
11280306000,,,14000,1
315700075,,,32250,0
197982063,,,69000,1
353354082,,,57400,0
756081,,,89000,0
194478053,,,38750,1
7386312000,,,79500,0
477667084,,,79300,0
3110361000,,,92500,1
87216071,,,36750,1
178062063,,,140000,0
169259058,,,2750,0
460880081,,,97000,1
19707068,,,20500,1
34693082,,,86800,0
7094817000,,,94000,0
437413065,,,68000,1
245642058,,,22300,0
382730053,,,7600,0
46136063,,,50000,0
155776068,,,52500,0
1046075,,,67400,0
2511058,,,24200,0
376668065,,,41000,0
27868082,,,109000,0
101746063,,,32000,1
345244082,,,83000,0
9427671000,,,197000,1
1549433000,,,17750,0
7319781000,,,29000,1
7281634000,,,75300,0
187841084,,,30700,0
3393607000,,,92250,1
5327024000,,,109000,0
7352477000,,,21250,1
2740872000,,,39500,0
34916082,,,152000,0
285964071,,,33250,0
89985082,,,109000,0
7614773000,,,28000,1
490937084,,,136000,1
31017068,,,22000,0
7897455000,,,40500,0
104118063,,,27750,1
252455075,,,150000,0
10820044000,,,18750,1
94954075,,,45800,1
1260820000,,,135000,0
1166477000,,,236400,0
331395088,,,43000,0
7131543000,,,80300,1
111740063,,,60000,0
8621261000,,,80000,1
6307068,,,24500,0
6302068,,,12750,0
226320082,,,26000,0
2162367000,,,295000,0
3404430000,,,50000,1
6656664000,,,129000,0
7517400000,,,12100,0
266811075,,,46900,0
49318075,,,50600,0
50456075,,,24500,0
319826081,,,111000,0
1134074000,,,29500,0
254854075,,,31200,0
4041774000,,,168750,0
267771071,,,6050,0
413519000,,,125600,1
7859464000,,,20100,0
108071063,,,144000,0
4976530000,,,12400,0
106296063,,,27250,1
270088075,,,26700,0
224207063,,,145000,0
130306088,,,64000,0
6256698000,,,52000,0
5966028000,,,46500,1
425114088,,,25000,0
287887000,,,132000,0
186599053,,,19500,0
564975065,,,17750,0
169631058,,,5400,0
192700088,,,206000,1
4507364000,,,66250,0
99427071,,,22500,0
70031071,,,20700,0
127623088,,,147000,1
96656063,,,177000,0
228328082,,,79750,0
402263065,,,25000,0
220067063,,,218000,1
7661656000,,,21250,0
236523071,,,26750,0
399593065,,,50000,0
447429081,,,16000,0
1310258000,,,78300,0
179604072,,,83500,0
382145065,,,20250,0
4004478000,,,14600,0
6614985000,,,18000,1
96890063,,,40000,1
934592000,,,54700,1
7453981000,,,41800,0
640204000,,,120000,0
37148082,,,22750,1
3694884000,,,99500,0
353369082,,,65900,1
10694075,,,143000,0
1544235000,,,22750,0
8533800000,,,31300,0
161119058,,,9100,0
1131468000,,,22100,0
180591065,,,84000,0
3060676000,,,161000,1
129757000,,,152000,1
8360825000,,,57400,0
1801298000,,,98600,1
1659355000,,,118000,0
18756075,,,189000,1
90188071,,,77000,0
166669063,,,85000,0
6842087000,,,158000,1
65328075,,,28200,1
113143075,,,188000,1
25346075,,,5400,0
8926840000,,,10250,1
1642867000,,,19500,0
100938063,,,119000,0
19874068,,,14750,0
8006825000,,,110000,1
377216081,,,17250,0
33683082,,,97000,0
343187082,,,85750,0
558353065,,,42000,0
6473021000,,,97100,1
212418081,,,66000,0
60444051,,,98100,1
2247056000,,,21000,0
185775075,,,23400,1
161642075,,,13300,0
362415075,,,8750,0
165678075,,,30000,0
11295168000,,,47000,0
221679075,,,18500,0
49011063,,,49250,1
6775019000,,,22000,0
128598088,,,93000,0
646200082,,,85000,1
24771052,,,126600,0
55462081,,,41000,0
63249053,,,21000,0
105129063,,,31000,0
223153063,,,108000,0
105932051,,,21250,0
461719081,,,21250,0
105948051,,,12500,0
158411051,,,24100,0
18407068,,,62500,0
218523081,,,19700,0
588876065,,,60000,1
96028063,,,112000,0
2858812000,,,152000,0
106008063,,,113000,1
9708082,,,170500,0
173195075,,,20700,0
1669634000,,,61000,0
8312847000,,,83000,0
85353068,,,23750,0
85282068,,,28900,1
6998061000,,,19900,0
193772053,,,119000,0
198496072,,,14750,0
159443058,,,3200,0
8066431000,,,23000,0
167673058,,,9650,0
169073058,,,3300,0
234407072,,,42500,1
222257072,,,82500,1
222400072,,,59500,0
161799053,,,61500,0
191936053,,,21750,0
443246053,,,22000,1
183286071,,,44750,1
146177053,,,47750,0
2111504000,,,91000,0
128077088,,,146000,1
266298068,,,44500,1
225041082,,,99000,0
2759479000,,,11600,0
477010053,,,164000,0
378666081,,,37250,0
318037053,,,51500,0
490951084,,,69900,1
318386053,,,27000,0
560852065,,,79750,0
101401075,,,11800,0
6646067000,,,132000,0
7107996000,,,3450,0
182425084,,,9350,0
8119031000,,,13550,0
5374862000,,,256000,0
9072346000,,,16250,0
1562728000,,,100000,1
837179000,,,118000,1
161362058,,,13100,0
54624000,,,6600,0
359642000,,,17500,0
351256075,,,72300,1
35386075,,,9350,0
113902075,,,8750,0
7819637000,,,64000,0
215327075,,,143000,1
10935316000,,,101000,1
117716084,,,10300,0
254845075,,,30000,0
9047521000,,,14250,0
5518548000,,,28250,1
34373082,,,77500,0
32758082,,,80000,0
11410897000,,,85000,0
69754071,,,37500,0
7199763000,,,36000,0
252974075,,,31300,0
386060084,,,31600,1
165740058,,,24100,0
3602510000,,,143000,1
7304503000,,,46500,0
2202860000,,,33500,0
160332053,,,73000,0
448966000,,,17750,0
173405075,,,21000,0
7646321000,,,98700,0
6518082,,,140000,1
8276981000,,,75400,0
4000040000,,,109000,1
45781071,,,30600,0
3430669000,,,12250,0
1295478000,,,8250,0
218351072,,,168000,1
50452075,,,27300,0
492738071,,,25300,1
39499072,,,115000,0
16036072,,,76000,1
7935002000,,,94500,0
28145082,,,18000,0
201247063,,,108000,1
10876579000,,,14600,0
100500063,,,122000,1
111553063,,,104000,0
2645850000,,,142000,1
3201923000,,,85000,0
99414063,,,69000,0
7168413000,,,18750,0
10464916000,,,47300,0
98961071,,,9750,1
382294081,,,45250,0
94800075,,,155000,0
12522072,,,17500,0
8120599000,,,98600,0
6620333000,,,22100,0
7939937000,,,260000,1
7822133000,,,186000,0
450597072,,,123000,0
190394053,,,155000,0
19742075,,,27800,0
434896065,,,56000,0
2628677000,,,80900,1
100695063,,,82000,1
186129084,,,256000,1
2079550000,,,93300,1
7077872000,,,72600,0
54727063,,,56500,0
332759082,,,18600,0
403846065,,,77000,0
40357075,,,31300,0
233327058,,,21900,1
588079065,,,98500,0
7750754000,,,72500,1
381219065,,,17500,0
7682651000,,,9600,1
238785075,,,75400,0
9670424000,,,48500,1
207796088,,,68000,0
187643053,,,28250,0
136370068,,,73000,0
1990265000,,,165000,0
625812084,,,296000,1
190523053,,,24700,0
78811082,,,134000,0
6902136000,,,174000,1
127195088,,,95000,1
8105336000,,,103500,0
222235082,,,21900,0
77768082,,,47300,0
6723748000,,,117000,0
566546065,,,46000,1
284360082,,,31000,0
183824071,,,28100,0
49236071,,,7500,0
3636975000,,,17500,1
742222072,,,35500,0
142784053,,,28200,0
160915053,,,38250,0
218268072,,,119000,0
234340072,,,29250,0
256921075,,,35500,1
93447072,,,11250,1
457586053,,,118000,0
160932068,,,41750,0
230960075,,,108000,0
10334626000,,,42500,0
155699068,,,27000,0
2068588000,,,119000,0
1134278000,,,119000,0
8811739000,,,26400,0
354006084,,,27000,0
330727071,,,16500,0
1842418000,,,75000,0
321649071,,,36500,0
224870075,,,14600,0
8903652000,,,109000,0
201259063,,,113000,0
52660084,,,40250,0
277251068,,,29500,0
187826084,,,44600,0
107913063,,,99000,1
6971128000,,,137000,1
1595668000,,,62000,0
416393071,,,54500,0
3443675000,,,103000,1
98140068,,,6450,0
7874227000,,,96600,1
296848053,,,14500,0
406991053,,,20750,0
359492081,,,16000,0
649243082,,,280750,0
42515082,,,65500,0
260657075,,,15500,0
42835082,,,163000,0
42456082,,,23250,0
3928818000,,,180000,0
162814058,,,22100,1
255817058,,,107500,1
56061065,,,15700,1
10704197000,,,42000,0
182268053,,,23750,0
149246053,,,12750,0
149456053,,,154000,0
172144058,,,32000,0
69604071,,,11750,0
5742240000,,,135000,0
17318072,,,14500,0
2349280000,,,272500,0
8085359000,,,34000,1
7387378000,,,53400,0
111446063,,,92000,0
222077082,,,11300,0
105125063,,,132000,1
227369051,,,81500,0
8677990000,,,40250,1
171934058,,,43300,0
2350241000,,,92500,0
217959072,,,13750,0
9262780000,,,40500,0
7528915000,,,19800,1
3335884000,,,42000,0
448388000,,,45000,0
258257075,,,8200,0
22117068,,,25250,0
99139063,,,16000,0
633915000,,,20000,0
235215088,,,82000,1
246443084,,,17800,0
235164088,,,58000,1
132809088,,,57000,1
153820051,,,33750,0
301946000,,,115000,1
5358574000,,,155500,0
222070082,,,62100,1
105353063,,,29000,1
322158071,,,171000,0
215111088,,,22000,0
1337270000,,,103000,1
215260088,,,30000,0
1936519000,,,164500,0
182307071,,,13800,0
5372398000,,,79000,0
62391063,,,123000,1
104427063,,,211000,0
6589859000,,,62000,0
8024536000,,,42100,1
97259063,,,127000,1
229538088,,,159000,0
300703071,,,173000,0
169738058,,,14250,0
361833088,,,157000,0
1699751000,,,159000,1
153153058,,,7700,0
8074084,,,118000,1
34240057,,,131500,0
215771081,,,39500,1
131592088,,,96000,1
4500798000,,,128000,0
10069323000,,,24500,0
1071726000,,,217000,0
387805088,,,53000,0
291968088,,,162000,1
185247088,,,58500,0
3452794000,,,26000,1
11383359000,,,157000,1
425733088,,,84000,0
6601690000,,,97000,1
9505051,,,21100,0
186243057,,,14500,0
4940059000,,,231000,1
267472088,,,203000,0
131479088,,,198000,1
131484088,,,179000,1
16801000,,,142000,0
182441084,,,25800,0
196762000,,,4350,0
9098825000,,,138000,1
497842084,,,36600,1
6087688000,,,27800,1
157280051,,,29300,0
226510058,,,4700,0
161842058,,,10500,1
232799088,,,23000,0
3976333000,,,97000,1
4206372000,,,60600,0
417708071,,,25250,0
197673075,,,17700,0
1276846000,,,55400,1
3316189000,,,86000,0
162826058,,,3300,0
6427158000,,,260000,0
162977058,,,45500,1
247048071,,,34500,0
7159262000,,,100000,0
675928000,,,110000,1
261140071,,,17250,0
91517068,,,34600,0
129245088,,,72000,0
132855088,,,148000,0
4522065000,,,14250,1
223405082,,,115300,0
579268000,,,47000,1
192559088,,,71000,0
446459072,,,46250,1
97140063,,,21000,0
128772088,,,143000,1
199356075,,,99400,0
109292075,,,32700,0
9346856000,,,22000,1
6121301000,,,121000,0
134492088,,,211000,1
318065088,,,113000,0
318884088,,,38000,1
424723088,,,89000,0
7248867000,,,143000,1
296362000,,,125000,1
144375088,,,282000,1
141980088,,,88000,1
7843511000,,,58600,0
220655082,,,70400,0
435625081,,,9250,0
7714307000,,,17750,0
1701804000,,,31000,1
9871807000,,,24400,1
41664000,,,78000,1
34390051,,,51100,0
17786051,,,71900,0
196690072,,,83500,1
6760491000,,,78300,0
8716618000,,,10800,0
832416000,,,36000,0
194799075,,,31100,0
407637088,,,92000,0
221477082,,,40200,0
866281000,,,11000,0
51871051,,,26500,0
170947058,,,2660,0
7604552000,,,33600,0
8527603000,,,20000,0
10344691000,,,72250,1
3581704000,,,144400,1
228135051,,,16700,0
198892075,,,51000,0
199115075,,,8600,0
176983072,,,136000,1
266459075,,,39800,0
477790084,,,34900,0
166012058,,,55000,0
3285998000,,,19750,1
4176722000,,,23500,1
144266088,,,81000,0
139592088,,,96000,1
5669631000,,,225000,1
661357072,,,75400,0
211154088,,,274000,0
128150088,,,273000,1
134469088,,,139000,1
138032088,,,100000,1
170491058,,,46000,0
6088619000,,,68000,1
33142084,,,151000,0
3723249000,,,73000,0
201618075,,,8750,0
108764063,,,36000,0
499125084,,,27500,0
20781068,,,152500,0
444234072,,,20500,0
445631072,,,11400,0
163762058,,,42600,0
2934325000,,,145000,0
197628088,,,68000,0
136451088,,,82000,1
9718863000,,,168000,1
88571071,,,9400,1
151376088,,,81000,1
263616068,,,67500,0
7310560000,,,10400,0
6923624000,,,125000,1
540545084,,,99000,0
218255075,,,6550,0
99073071,,,24300,0
643954082,,,10000,0
224990082,,,34800,0
221115082,,,91800,1
216426084,,,108000,0
730052000,,,37900,0
265395075,,,59250,0
445420072,,,14750,0
742356072,,,245000,1
136432068,,,92000,0
684115000,,,47750,0
120057068,,,134250,0
120025068,,,48300,0
52366065,,,101000,0
671905000,,,20250,0
4325970000,,,145000,0
305688088,,,162000,0
161674058,,,27750,0
11259893000,,,134000,1
6099910000,,,36000,0
217223081,,,36250,0
7681309000,,,75000,1
57504081,,,28250,1
96753071,,,17250,0
6736615000,,,5400,0
345654000,,,29750,0
75762068,,,56500,0
184209057,,,26500,0
15261063,,,39000,1
15726000,,,56700,0
445705072,,,34900,0
159383068,,,83000,1
11845714000,,,24900,0
3633539000,,,31300,0
116467084,,,17750,1
4649212000,,,238000,0
75752068,,,42000,0
99384071,,,9150,0
4293273000,,,22500,0
79241071,,,34000,0
131326088,,,53500,0
4128487000,,,140000,0
7371885000,,,49500,0
94724063,,,63000,0
90456082,,,80600,0
139668068,,,9650,0
6872291000,,,182000,1
2191486000,,,36400,0
407439053,,,32750,0
74395068,,,35000,0
7495767000,,,56500,1
158464051,,,166100,0
9739471000,,,147000,1
29877051,,,157100,0
162104068,,,19600,1
190094053,,,19250,0
57897068,,,18700,0
150970068,,,43000,0
8605075,,,9250,0
100213068,,,43400,0
7879816000,,,65000,0
162454058,,,12100,0
7943864000,,,20500,0
164701058,,,19400,0
9759573000,,,46750,0
418727071,,,3400,0
10015933000,,,141000,1
217958072,,,14000,0
192827075,,,6500,0
56978057,,,21400,0
72392084,,,11900,0
2533969000,,,23250,1
2100572000,,,24000,0
8471094000,,,28400,0
49178082,,,174000,0
431311088,,,38000,0
1921094000,,,18700,0
57553081,,,127000,1
136770088,,,52000,0
70930000,,,32700,0
680853000,,,17400,0
9008569000,,,37900,0
228606051,,,67100,0
1824890000,,,45750,0
71116063,,,58000,1
165061058,,,36000,1
3684552000,,,151000,0
209309075,,,99250,0
24729057,,,27750,0
206491057,,,17200,1
10785188000,,,13750,0
184385057,,,81100,0
167439075,,,126000,0
7746382000,,,159000,0
42551058,,,13800,0
159757058,,,14900,0
5057651000,,,31000,0
186227084,,,21300,0
7679795000,,,172000,1
159105051,,,27800,0
270321084,,,30600,0
1379911000,,,87000,0
223651063,,,220000,0
671229000,,,62500,0
94873063,,,43000,0
9801835000,,,104600,0
7907789000,,,7600,0
443248053,,,46750,0
496176084,,,39900,1
624225084,,,80900,1
451047053,,,30250,0
221994051,,,58600,0
158730051,,,39800,0
2671269000,,,21750,0
50431075,,,37900,0
738936072,,,13700,0
30072075,,,20250,0
144733088,,,56000,1
213261081,,,21250,1
50873063,,,18000,1
227604051,,,178500,1
103409063,,,88000,1
39811072,,,30500,0
6492075,,,17750,0
267052088,,,14000,0
190501053,,,47100,0
190067053,,,13250,1
5838395000,,,21650,0
183431057,,,72100,1
40503075,,,101000,0
91896075,,,115000,0
425704088,,,104000,1
63929063,,,151000,0
91242088,,,119000,0
11052539000,,,153000,1
223171051,,,35500,0
11380560000,,,21250,0
49792075,,,59500,0
163895058,,,5100,0
222894081,,,9300,0
650066082,,,207000,1
1529989000,,,82500,1
104646063,,,66000,0
4063120000,,,246000,1
2815630000,,,5900,0
11096779000,,,19000,0
335632088,,,198000,1
58826063,,,19200,0
180653063,,,57000,0
236616072,,,7250,0
425105088,,,60000,0
142824088,,,113000,0
136796088,,,128000,1
424725088,,,41000,1
53204075,,,35200,0
128742088,,,70000,1
222271082,,,23000,0
191823057,,,79900,0
8087374000,,,15000,0
11027029000,,,36800,0
86908071,,,34900,0
5455730000,,,95000,1
49482065,,,142000,0
8341060000,,,69000,0
131173068,,,220000,0
126777084,,,25600,0
538575084,,,26900,0
449479072,,,20250,0
4608888000,,,13000,0
6262044000,,,76000,0
10055907000,,,43100,0
11006211000,,,183800,0
350933084,,,23200,0
7692168000,,,119300,0
7158040000,,,7600,0
57646068,,,77000,0
165924058,,,33750,0
737083072,,,39500,0
9297186000,,,179000,0
106707084,,,86000,0
346996084,,,104000,0
186018057,,,11600,0
166489075,,,130000,0
4357131000,,,31600,0
633905000,,,35200,0
159704051,,,101200,0
187322057,,,14300,0
10681829000,,,25300,0
2894311000,,,138000,1
158783051,,,50300,0
5820886000,,,40900,0
77388068,,,5500,0
6764919000,,,45000,1
611110084,,,114000,1
620386084,,,200000,1
8189025000,,,139000,0
5063881000,,,51400,0
84612075,,,80300,0
114202075,,,10300,0
11821075,,,11800,0
96689068,,,23600,0
2736329000,,,17250,0
9306474000,,,35700,1
6938176000,,,160000,0
56002075,,,31500,0
4193781000,,,83000,0
587531065,,,24500,1
183151057,,,21900,0
61733051,,,4600,0
134451088,,,155000,1
200944063,,,103000,0
2962488000,,,30000,1
6979152000,,,64800,1
6967223000,,,192900,1
7492171000,,,188000,0
24983058,,,4700,0
7822177000,,,42200,0
18784075,,,104000,1
8548071,,,12500,0
7197044000,,,95500,1
234908072,,,100000,1
161946058,,,47400,0
266008088,,,164000,0
6282255000,,,213000,0
182256071,,,201000,0
166509075,,,19750,0
689505072,,,39500,0
597063084,,,111000,1
660425072,,,40600,0
296856053,,,10750,0
405218053,,,6500,1
406497053,,,11750,0
249961071,,,110000,0
165152058,,,5400,0
208401072,,,31250,0
4023339000,,,154000,1
205615072,,,61000,0
100773084,,,67800,0
161352058,,,12700,0
6235490000,,,135000,1
4854611000,,,142000,0
2340567000,,,42250,0
10149380000,,,216000,0
406762053,,,51000,0
7255864000,,,69000,1
742767072,,,79300,1
136559088,,,105000,1
4515951000,,,23750,1
444868072,,,26000,0
166645058,,,10000,0
144575088,,,148000,0
143162088,,,118000,1
680608000,,,158750,1
136415068,,,118000,0
77961071,,,8500,0
76588071,,,94000,1
133650088,,,122000,1
7792629000,,,41000,1
142283088,,,134000,0
166532058,,,13750,0
4661784000,,,24800,1
3616628000,,,139000,0
150269088,,,69000,1
4250411000,,,63000,1
8655533000,,,151000,1
5863649000,,,46800,0
166607075,,,10800,0
5007408000,,,83000,1
445203072,,,20500,0
82022053,,,10300,0
4665594000,,,107000,1
6094370000,,,66000,1
36786051,,,8700,0
4944864000,,,161000,1
212943051,,,37300,0
152019068,,,10500,0
117291065,,,161750,0
109452057,,,10500,0
538119084,,,15000,0
105736063,,,140000,0
10196658000,,,41000,0
187134053,,,16500,0
40502072,,,23400,0
234322072,,,19800,0
185319084,,,151000,1
168014058,,,18500,0
406017053,,,29500,0
443247053,,,64000,0
52698084,,,15200,0
159762058,,,30900,0
6845671000,,,50000,0
411810088,,,63000,0
21739072,,,23000,0
2962484000,,,23500,1
1538385000,,,48000,1
7861993000,,,38000,0
607762084,,,121000,1
557636084,,,125500,1
183849065,,,31750,0
3037988000,,,51500,0
6508946000,,,54500,1
379106053,,,12000,1
9052979000,,,34600,0
156132051,,,20500,0
2379852000,,,167000,0
100091063,,,28000,0
2530363000,,,83250,0
442820053,,,23500,0
195962075,,,8200,0
7093941000,,,28000,1
8022912000,,,77700,1
610238084,,,128000,1
8462718000,,,21000,0
11846840000,,,20500,0
2356991000,,,24100,1
6656647000,,,118000,0
187892084,,,24800,1
20965000,,,207000,1
625955084,,,103000,1
6933911000,,,96800,1
330245071,,,28500,0
173259057,,,28700,0
1415734000,,,47000,1
734553072,,,121000,1
214473075,,,34200,0
469116053,,,14500,1
6638772000,,,62300,1
448835072,,,9400,0
201867084,,,31300,0
11996892000,,,66600,1
98943071,,,31300,0
384108084,,,84600,1
377197081,,,87000,0
172379075,,,46200,1
183069057,,,42600,0
191476057,,,21500,0
302896084,,,26300,1
66088082,,,210000,0
143649088,,,136000,1
191822057,,,33000,0
128796051,,,148000,0
159021051,,,70750,0
7988818000,,,15750,0
448228072,,,10750,0
448227072,,,5400,0
7400646000,,,65200,0
7400645000,,,17500,0
7390706000,,,37000,0
10346913000,,,17750,0
2302286000,,,178800,0
166714058,,,123250,0
1636064000,,,75200,0
169965084,,,196000,0
3130882000,,,69400,0
8544051,,,21000,0
8772182000,,,33600,1
151947084,,,18100,0
182502084,,,19900,1
2005707000,,,109000,1
6739127000,,,68600,1
22824052,,,73300,0
755008072,,,33700,1
443805072,,,40500,1
444287072,,,9800,0
254990057,,,140300,1
20951000,,,165900,1
294057084,,,20400,0
186582057,,,45500,1
109485068,,,3450,0
216422075,,,13400,0
94878068,,,27750,0
339763075,,,14000,0
2100693000,,,115000,0
354578084,,,102000,0
385963084,,,94500,1
7545919000,,,97500,1
10461424000,,,13500,0
37121068,,,91500,0
64960068,,,43000,0
7740940000,,,49750,0
2119883000,,,51500,0
7829652000,,,99000,1
161923065,,,12100,0
9290506000,,,19250,0
73146068,,,144000,1
583242065,,,96000,0
3987805000,,,131000,0
1548129000,,,7100,0
182675065,,,9250,0
180683065,,,95000,0
362984075,,,161000,0
251903084,,,127000,1
115392057,,,182200,0
196971068,,,102000,0
358336084,,,73400,1
359239084,,,14700,1
6284970000,,,7700,0
583241065,,,50250,1
6022928000,,,81000,0
2082661000,,,114400,0
507215084,,,10800,0
80322065,,,43250,0
180717065,,,27000,0
7738699000,,,17250,0
156683068,,,240000,0
44964068,,,115000,0
8645230000,,,7600,0
144468082,,,25800,0
134858088,,,178000,1
165993058,,,5800,0
235070072,,,139000,0
5652921000,,,31250,0
296008084,,,190000,0
241504088,,,25000,0
764968072,,,72000,0
4006518000,,,98500,1
445704072,,,18350,0
127093084,,,65700,1
2844878000,,,150000,0
4600446000,,,111500,1
1490759000,,,90000,0
3432998000,,,81600,0
113502075,,,9800,0
7341604000,,,39500,0
183167075,,,88600,0
6760170000,,,27000,0
56783052,,,126000,0
282687068,,,133000,0
5499311000,,,70000,0
498555084,,,24100,0
158898051,,,111000,1
2615176000,,,44750,0
259012088,,,12000,0
2138096000,,,125600,0
290283084,,,17300,0
2380125000,,,207600,1
3396124000,,,71000,1
45022068,,,21000,0
45116068,,,45500,1
181824057,,,95500,0
282683084,,,142000,0
261530084,,,171000,0
182988057,,,223000,1
1290652000,,,24000,1
9909912000,,,26250,0
549674084,,,187000,0
2438142000,,,195400,0
388118084,,,67500,0
125351057,,,47100,0
7335576000,,,82000,0
159196068,,,33750,0
561661065,,,50250,1
163616065,,,49000,1
252309088,,,104000,1
2492517000,,,146000,0
32842068,,,67500,0
417350071,,,111000,0
80217065,,,52500,0
388191084,,,127000,1
1557528000,,,97000,0
3933735000,,,99000,0
229567057,,,224400,0
146713057,,,26400,0
88850082,,,112000,1
7332458000,,,70000,0
3459025000,,,122000,1
86250068,,,4750,0
371185081,,,38250,0
302993084,,,88000,0
163517058,,,5150,0
57665052,,,133400,0
447008072,,,20300,0
6771016000,,,17750,0
4668282000,,,64500,0
22667082,,,87000,0
7279229000,,,19500,0
448213072,,,9800,0
9679173000,,,154500,0
180592065,,,10650,0
180585065,,,21250,0
454876065,,,9100,0
182762065,,,66000,1
4609547000,,,10100,0
7742182000,,,33500,0
18976052,,,100250,1
9752265000,,,14250,1
103284063,,,104000,0
447924072,,,24750,0
7074660000,,,40500,1
405739053,,,67250,1
224284063,,,72000,0
10918081,,,18250,0
78544063,,,4000,0
106226063,,,23000,0
8748987000,,,44000,0
61767051,,,23700,1
97274063,,,19000,0
9008592000,,,85000,0
1213898000,,,77000,0
377221081,,,104000,0
183125065,,,75000,0
221313000,,,270500,1
588059065,,,21000,0
535573084,,,34900,0
300679088,,,39000,0
4236716000,,,72000,0
425493088,,,164000,1
346220082,,,155000,0
133879088,,,99000,1
444566072,,,30000,0
217204081,,,93000,0
7905467000,,,28750,0
359733084,,,118000,0
182175057,,,32000,0
5937577000,,,30500,0
6776695000,,,10750,0
6772517000,,,13500,0
6742441000,,,17500,0
8576546000,,,50000,0
2877567000,,,109000,0
182977057,,,171800,0
7255866000,,,135000,0
182783057,,,143600,1
345725000,,,50000,0
7957511000,,,120000,0
5441250000,,,72000,1
322720075,,,65000,1
435627081,,,108000,0
74603084,,,31500,1
43117068,,,17000,0
3780682000,,,17500,0
138382088,,,74000,0
183284057,,,118000,0
138355088,,,209000,1
9083768000,,,83000,1
650684000,,,138250,0
185412084,,,84250,0
44701052,,,149000,1
23900052,,,104800,0
2907113000,,,10750,1
571697065,,,51500,0
6676405000,,,135000,0
3248594000,,,17750,0
183123065,,,18750,0
25606052,,,170900,1
74425065,,,24000,0
6192692000,,,64500,0
58832052,,,99900,0
7075388000,,,9350,0
6920566000,,,146000,0
2626953000,,,34250,1
25604052,,,181250,1
17112052,,,261800,1
11115242000,,,68500,0
9080942000,,,67100,0
281091068,,,34100,1
1349431000,,,148750,0
21373052,,,29500,0
7687901000,,,51000,0
3255132000,,,129800,0
155956068,,,25500,0
81954000,,,33000,0
38843063,,,54000,1
46872052,,,55600,0
5033248000,,,6200,0
135129081,,,82750,0
178266063,,,122000,0
8717240000,,,98000,0
2852990000,,,21500,0
3453126000,,,158000,0
7306091000,,,37000,0
11961264000,,,159000,1
378285081,,,27000,0
105387071,,,34250,0
378712081,,,49000,0
168006071,,,26000,0
4231668000,,,17250,0
379171081,,,13000,0
194721053,,,11250,0
179139072,,,43250,0
76313082,,,186000,1
322735075,,,11500,0
382242081,,,93000,0
319851081,,,39250,0
29527082,,,222500,0
7779894000,,,163000,1
5242879000,,,32000,0
245241000,,,250000,1
44302053,,,117000,0
4987449000,,,90600,0
55918068,,,40000,0
2182670000,,,54000,1
382588081,,,11400,0
180769065,,,52250,0
1766809000,,,76500,1
2125597000,,,175800,1
66599068,,,11750,0
2425175000,,,182000,1
55206075,,,108000,0
8553319000,,,81300,0
7960259000,,,36000,0
439988081,,,39000,0
50871075,,,29700,0
7920858000,,,103000,0
1456331000,,,30500,1
79429082,,,21000,0
4187589000,,,128000,1
46935068,,,84000,0
9102259000,,,126000,1
80659068,,,43750,0
188179053,,,14750,0
9562318000,,,99000,0
9096371000,,,60800,1
72901068,,,12000,0
3588867000,,,88500,0
377438081,,,10100,0
377350081,,,46750,0
2290027000,,,36750,1
105629075,,,67100,0
6100582000,,,56000,0
6775010000,,,144000,0
44687053,,,27000,1
4659683000,,,64000,0
436081081,,,66250,0
1463053,,,80400,0
460238081,,,104000,0
89473082,,,28500,0
189481053,,,32750,0
3355053,,,113000,0
181464058,,,8700,0
6960216000,,,13900,0
11215053,,,114000,0
22362084,,,117000,0
8338167000,,,28750,0
185823084,,,39000,1
73060068,,,141000,0
6811095000,,,167250,1
8518667000,,,16000,0
47455000,,,24500,0
7540324000,,,201750,0
2424249000,,,5000,0
764505072,,,90000,1
7243510000,,,61000,0
24752052,,,148000,0
447800072,,,17250,0
40601068,,,24250,0
109368068,,,13750,0
252282088,,,84000,1
9038053000,,,146000,0
25547052,,,109400,1
3336260000,,,199600,0
1833869000,,,156500,0
155465065,,,53000,0
155458065,,,92750,0
7052546000,,,59000,0
180573071,,,68000,0
730757072,,,26000,0
444948072,,,62000,0
103962063,,,29000,0
600770000,,,21750,1
1090534000,,,90000,1
55568052,,,118400,0
16107052,,,56250,0
58422063,,,33250,0
265613000,,,40900,0
446252081,,,33750,0
183978065,,,25600,0
180639065,,,8250,0
7039986000,,,34800,0
348782081,,,57500,0
22035052,,,207000,1
22609052,,,17400,0
378756081,,,21250,0
26874052,,,83800,0
336670081,,,21250,0
182184071,,,22500,0
8672196000,,,24500,0
6213226000,,,123000,0
5429036000,,,10100,0
50795075,,,38500,0
347581075,,,184000,0
349784081,,,43250,0
72232075,,,165000,1
326949000,,,33250,0
358665075,,,78500,0
7214174000,,,56300,0
6055759000,,,13250,0
41786075,,,14400,0
37378075,,,32900,0
164661058,,,9600,0
8080529000,,,20750,0
3337185000,,,62000,1
105788063,,,65000,1
44299051,,,38000,0
70240075,,,24000,0
164965058,,,15500,0
556965065,,,29750,0
164442058,,,9250,0
2215415000,,,146000,1
189273053,,,15500,1
186610053,,,80500,0
170992058,,,15500,0
215654088,,,30000,0
15124088,,,78000,1
170280058,,,8250,0
9246732000,,,62000,1
472040000,,,122000,1
142209088,,,77000,1
451046053,,,17500,0
1456344000,,,68800,0
179225071,,,21100,0
6804571000,,,47750,0
184224057,,,32600,0
134304088,,,191000,1
72283075,,,27100,1
161265065,,,42000,0
8354068,,,83500,0
8059739000,,,136000,0
220608082,,,58000,0
162101058,,,33000,0
77438068,,,90400,0
8136114000,,,91600,1
6812469000,,,112000,0
7403361000,,,59000,0
192019057,,,21000,0
7460667000,,,16300,0
11142355000,,,49600,0
8682134000,,,5000,0
184107088,,,122000,1
2174471000,,,17250,0
603684000,,,66000,0
461709081,,,98250,1
62622068,,,15100,0
218040072,,,65000,0
185237063,,,75000,1
3230963000,,,160500,0
7061785000,,,145000,1
865557000,,,15750,0
1994529000,,,22000,1
4423181000,,,42000,0
50205082,,,27750,0
2917367000,,,178250,0
386278081,,,1850,0
562520065,,,22750,0
166062058,,,15500,0
5936892000,,,205000,0
490701084,,,20700,0
22306082,,,217000,0
99345068,,,13750,0
162110068,,,50200,0
111209082,,,19000,0
99065063,,,123000,0
322799075,,,61200,0
245554075,,,35800,0
182393084,,,41500,0
264057075,,,116000,0
256397084,,,14600,0
5340135000,,,24800,0
2619943000,,,152000,0
246453075,,,60500,0
6436385000,,,40200,0
3576624000,,,20700,0
9493165000,,,49500,0
8365964000,,,232000,0
152215088,,,81000,0
144019088,,,110000,0
52757084,,,174000,0
185456057,,,27750,0
6911584000,,,104000,1
4260202000,,,15500,1
2374153000,,,31500,0
281227088,,,33000,0
340006082,,,14500,1
14844063,,,177000,0
131324088,,,84000,0
5202575000,,,69000,0
36870051,,,12600,0
99596071,,,47500,0
212942051,,,25300,0
7037191000,,,24500,0
2267846000,,,82000,0
3236743000,,,218000,0
138764082,,,14500,0
226540075,,,18750,0
6001390000,,,149000,1
6339410000,,,17700,0
9309372000,,,171000,1
10039992000,,,30700,1
7736848000,,,236000,0
2063008000,,,26800,0
99772063,,,31000,0
6437263000,,,46750,1
1833946000,,,75800,1
163840058,,,5800,0
4959632000,,,165800,0
6124909000,,,61500,1
661680072,,,185000,0
2532399000,,,140000,1
2937471000,,,23250,1
2347968000,,,130000,0
75623068,,,18000,1
164648058,,,17200,0
171818058,,,53400,0
2664490000,,,83500,1
142163088,,,70000,1
6860378000,,,60400,0
131806088,,,114000,1
449324072,,,131000,0
7475773000,,,164300,0
7394368000,,,24750,0
3429579000,,,125000,0
1841272000,,,288000,1
660424072,,,24000,0
7809149000,,,112000,0
291537072,,,21000,0
2706757000,,,68600,1
7224927000,,,14750,0
243180057,,,18250,0
2112177000,,,50250,0
246440084,,,14600,0
581139065,,,153000,1
2932010000,,,80000,1
4252025000,,,126000,0
1827007000,,,172500,1
161544058,,,11500,0
73671068,,,100000,0
7105169000,,,14250,1
339095071,,,3400,0
157277071,,,121000,0
164410058,,,11600,0
93902081,,,174000,0
4364987000,,,12750,0
5517218000,,,163000,0
372208081,,,3075,0
1178686000,,,63800,0
188794053,,,13000,1
141686088,,,189000,1
2936408000,,,44700,0
626086084,,,20250,0
3279674000,,,83250,0
2935547000,,,21250,0
6863386000,,,65100,1
7074688000,,,24500,0
75002071,,,146000,0
182313071,,,42250,0
134107088,,,103000,0
105253063,,,130000,1
106971068,,,12000,0
221292082,,,83300,0
15975052,,,52200,0
157227071,,,28250,0
18986075,,,33700,1
187170053,,,15250,0
3105071,,,48500,0
159691051,,,18800,0
202360057,,,23300,0
212463063,,,78000,0
7501732000,,,19200,0
4964154000,,,133000,0
96135063,,,77000,0
7828453000,,,72000,0
144630088,,,71000,0
144655088,,,100000,0
7030210000,,,11250,0
2900637000,,,28400,0
136760088,,,22000,0
1757417000,,,55000,1
3857933000,,,25700,0
9126811000,,,15500,0
212330081,,,43500,0
239108088,,,81000,0
1115571000,,,48500,1
5773315000,,,122600,0
359078081,,,24350,0
162980058,,,50000,1
40270072,,,36250,0
15178072,,,140000,0
6120178000,,,110000,1
245720088,,,122000,0
19241052,,,24200,0
3790941000,,,27000,1
220738000,,,5500,0
289791071,,,34500,0
265164088,,,9900,0
7060651000,,,19600,1
191420084,,,74100,1
162006058,,,36000,1
90768075,,,52400,0
7455809000,,,36700,1
7054350000,,,93800,0
14131068,,,12250,0
11296656000,,,28250,0
100924084,,,106000,1
1345960000,,,63100,0
3345801000,,,132000,0
6223442000,,,120000,0
187200084,,,39800,0
9344185000,,,77200,0
178862063,,,25000,0
9851757000,,,47300,1
8590969000,,,8200,0
765465072,,,169000,1
285095071,,,14750,0
731687072,,,24500,1
625533084,,,150000,1
3055229000,,,107000,1
342536075,,,12800,0
1325753000,,,10700,0
2313976000,,,81600,0
156680051,,,44250,0
7021408000,,,120000,1
273140084,,,30800,0
7300583000,,,19800,1
11125613000,,,12800,0
3228272000,,,113000,1
7967582000,,,127000,0
227713088,,,33000,0
11218147000,,,99000,0
425380088,,,215000,1
23680068,,,10750,0
5175624000,,,163000,1
186056057,,,64300,0
99008063,,,95000,1
2834982000,,,101500,0
44415071,,,36750,1
58895052,,,132500,0
106022075,,,29750,0
7321056000,,,43500,0
193226053,,,40250,0
288351071,,,34250,1
7301319000,,,95600,1
54606052,,,100000,0
20500082,,,115000,0
453594071,,,8750,0
81044058,,,30250,0
7172532000,,,9800,0
1211377000,,,43300,0
1397530000,,,133000,0
4500047000,,,39300,1
9674892000,,,32300,0
132587088,,,55000,0
4538000000,,,100000,0
341103081,,,40500,0
8282455000,,,55000,1
107540071,,,16750,0
183027057,,,52000,0
86925068,,,21750,0
1447293000,,,148000,1
6866347000,,,45750,0
164874058,,,10000,1
663091072,,,94000,0
7659981000,,,18600,0
736392000,,,125000,0
265536075,,,79000,1
133661088,,,140000,1
11345885000,,,42000,0
6949743000,,,69500,0
5495034000,,,19200,0
95139063,,,36000,0
9423779000,,,60750,0
17663088,,,30000,0
10758021000,,,14880,1
95608063,,,103000,1
2311232000,,,67200,1
6671736000,,,49250,1
11868247000,,,160100,0
501523071,,,108500,1
444394072,,,16000,1
243685088,,,33000,0
764672072,,,145000,0
7096160000,,,46500,1
9451290000,,,70000,0
3691278000,,,19250,0
85230075,,,16800,0
156185051,,,13300,0
2610841000,,,29100,0
7094811000,,,62500,1
294018088,,,90000,1
229908088,,,149000,0
279262084,,,134000,0
2100684000,,,21900,0
103037063,,,48000,0
95553082,,,117600,0
5275635000,,,32000,1
32862068,,,164000,0
10679369000,,,74500,0
216093081,,,17750,0
163307058,,,6650,0
183388084,,,58900,0
483920084,,,76700,0
7398411000,,,74500,0
2396599000,,,135000,0
656366000,,,297500,1
6250472000,,,27750,0
131103088,,,95000,1
1295563000,,,81750,1
141365088,,,29000,0
158568051,,,2100,0
7220868000,,,55000,0
27133082,,,29500,0
181941084,,,38600,0
5374677000,,,27000,0
222904081,,,55500,1
7939938000,,,52500,0
125365071,,,70000,0
8023406000,,,7800,0
236346000,,,14400,0
5813332000,,,34250,0
268546075,,,35300,0
97867075,,,102000,0
3390451000,,,44800,0
277869088,,,79000,0
29554082,,,183000,0
66392068,,,26000,1
477384053,,,25000,0
3110708000,,,56800,1
622521084,,,32100,1
142775088,,,138000,0
2640074000,,,158000,0
157444051,,,93600,1
384618000,,,47500,0
217534081,,,65000,0
4346166000,,,58100,0
182807084,,,88100,0
220276082,,,86000,0
224937082,,,57000,0
136080088,,,114000,0
413668088,,,168000,0
402080065,,,37750,1
7993803000,,,18500,1
270882075,,,35600,0
2359528000,,,46500,1
218232072,,,68500,0
7468148000,,,205000,0
360458075,,,150000,0
47057000,,,39750,0
2916872000,,,40000,1
4940055000,,,46000,0
571231084,,,13200,0
275275068,,,16500,0
101892063,,,173000,0
761462072,,,159000,1
22267052,,,36300,0
931577000,,,199000,1
5876621000,,,14500,0
6657071000,,,78500,1
2016422000,,,148000,0
5030596000,,,83000,1
178667072,,,30500,0
377683081,,,21250,0
95227063,,,88000,0
2817956000,,,106750,0
4704039000,,,6400,0
4940041000,,,186000,1
10165452000,,,55000,0
229836075,,,9300,0
11296634000,,,15500,0
7500697000,,,134000,0
2934329000,,,114000,0
11578399000,,,273000,0
6882640000,,,30000,0
6804574000,,,25250,0
188554075,,,10400,0
10546454000,,,15500,0
7691129000,,,79000,1
2197592000,,,25250,0
194782075,,,54500,0
297899084,,,21600,0
10095867000,,,29500,0
618745084,,,123000,0
2373421000,,,71500,0
331046084,,,75500,1
183256065,,,28750,0
141669088,,,86000,1
44690071,,,277500,1
2076074000,,,279000,1
105474071,,,38250,0
7170469000,,,93800,0
8175047000,,,46000,0
187630057,,,19200,0
615865084,,,130000,0
192045053,,,70000,0
264237075,,,36300,0
11142342000,,,17750,1
40346052,,,178200,0
284706071,,,14500,0
674996000,,,154000,1
98563071,,,15500,0
762253072,,,91500,1
35131058,,,9100,0
8436280000,,,17750,1
163367058,,,4850,0
34970058,,,31600,0
7319774000,,,99500,0
5443685000,,,7250,0
2445829000,,,109700,0
1554801000,,,152000,0
7615578000,,,24100,0
144636068,,,10000,1
14166068,,,19500,0
488949084,,,14500,0
6416845000,,,50500,0
128726082,,,19300,0
1648042000,,,133400,0
141346068,,,64500,0
227005081,,,11100,1
6854172000,,,16400,0
7733639000,,,32900,1
110020068,,,27750,0
231563058,,,15750,1
453593071,,,11750,0
425687088,,,146000,0
169759058,,,14600,1
34531075,,,115000,0
3599012000,,,69500,0
142118088,,,237000,1
476189071,,,14000,0
53126075,,,54900,0
1160673000,,,216000,0
594685084,,,100000,1
7014862000,,,115000,1
9485058,,,13000,0
8998394000,,,38400,1
1975454000,,,46500,0
311137071,,,11200,0
3340909000,,,17400,0
7968606000,,,47900,0
4031786000,,,46000,1
183260065,,,10200,0
64305068,,,129000,1
10864669000,,,71100,0
70340071,,,15500,0
22389082,,,32000,0
221289082,,,9600,0
3323406000,,,42250,0
378635081,,,12000,0
59090075,,,80400,0
486148084,,,22300,1
78016051,,,28250,0
266920088,,,18000,0
6987075,,,226000,0
4982867000,,,90700,1
44621075,,,20400,0
9376577000,,,43250,0
8198530000,,,76500,1
6140484000,,,44000,1
562082065,,,61250,1
31888075,,,15300,0
155049068,,,15250,0
5316286000,,,188000,1
196369072,,,47500,0
4545917000,,,25250,0
860660000,,,73300,0
11232140000,,,40500,1
9136432000,,,21500,0
440362071,,,111500,0
2999240000,,,70800,0
739123072,,,24000,0
236556072,,,31250,0
1668297000,,,33100,0
740121072,,,20750,0
7530716000,,,9150,0
3094206000,,,236000,0
6780064000,,,75000,1
37925072,,,37900,0
219089000,,,159000,1
10285286000,,,4550,0
158699068,,,75000,0
2853069000,,,15250,0
8827531000,,,84000,0
318810088,,,95000,0
191821057,,,41500,0
18093068,,,31500,0
222627075,,,140000,0
425090088,,,29000,0
290478088,,,107000,0
644171000,,,144800,0
699199000,,,58000,0
584047065,,,25000,0
43210075,,,13800,0
165761058,,,26500,0
7198120000,,,182000,1
162346058,,,102600,0
584050065,,,25000,1
100956063,,,75500,0
366880081,,,47250,0
7255865000,,,81000,1
273741068,,,18600,0
9864881000,,,34000,0
1700485000,,,19750,0
37314082,,,229000,0
7274904000,,,161500,0
412269084,,,34300,0
8455174000,,,55000,0
7689524000,,,14875,0
267108084,,,73000,1
7323243000,,,45800,1
74173081,,,10250,1
6250695000,,,38000,0
7456222000,,,107000,1
387902084,,,168000,0
26251052,,,27200,0
89561000,,,106500,0
2119880000,,,134000,1
180449072,,,113000,0
363086088,,,26000,1
113119075,,,106000,1
377681081,,,36250,1
166054058,,,16500,0
194919053,,,104000,1
116367058,,,12900,0
64581065,,,41250,0
545464084,,,62500,0
5602101000,,,87000,0
11075053,,,40750,0
382792084,,,126000,1
167241058,,,6300,0
164733058,,,50800,1
444420072,,,11950,1
46489068,,,8900,0
185450084,,,71750,1
9186023000,,,6300,0
278327088,,,152000,1
931579000,,,50000,0
443443053,,,25000,0
8134284000,,,89000,0
4226319000,,,52000,1
317016088,,,73000,1
6740795000,,,47000,0
21263052,,,56600,0
25530052,,,63100,1
59238052,,,236800,1
24076052,,,141600,1
1416833000,,,35750,0
431116088,,,217000,1
162748058,,,23600,0
1953741000,,,9700,0
148195053,,,97500,0
37816063,,,86000,1
4983787000,,,158000,0
6909945000,,,130000,0
7381798000,,,35000,0
5231959000,,,86000,0
6804455000,,,29250,1
2253989000,,,94200,0
24208071,,,63600,0
93461072,,,38250,1
93391072,,,86500,0
42627057,,,42700,0
11192877000,,,5000,0
208677075,,,5100,1
10481072,,,35000,1
187256084,,,119000,1
300972088,,,134000,1
130725088,,,194000,1
15943052,,,109400,0
2145016000,,,10000,0
488751071,,,122000,1
12912071,,,14500,0
7462552000,,,48100,1
165997075,,,13300,0
107950063,,,34000,1
126688071,,,16750,0
229621088,,,49000,0
214173081,,,21250,0
181338065,,,62750,0
181349065,,,19100,0
4982271000,,,26000,0
335059088,,,119000,1
187411057,,,32800,0
537539084,,,117500,0
7876897000,,,75000,1
1184701000,,,17750,1
7451644000,,,10750,0
2892960000,,,235000,1
443962072,,,22250,0
420744088,,,158000,1
104536063,,,28000,0
7361082,,,82500,0
8036485000,,,38600,0
532172084,,,53000,1
91169068,,,20500,1
5524095000,,,10500,0
222440082,,,17900,0
3963939000,,,71000,1
650332082,,,83500,0
8198659000,,,62500,0
23484075,,,33300,0
162686068,,,34000,0
370744053,,,177000,0
4279110000,,,78700,1
48458000,,,79000,0
249355088,,,114000,0
139787088,,,38000,0
64435075,,,85200,0
188529053,,,37750,1
52560084,,,8200,0
347968084,,,23750,0
63173053,,,123000,0
7175837000,,,72500,0
600671084,,,62000,0
288826084,,,24000,0
11844028000,,,46200,1
6477886000,,,97000,1
6906063000,,,105800,0
4656688000,,,43000,0
1768127000,,,140000,1
2400035000,,,125000,1
386279081,,,45000,0
132595088,,,277000,1
1731987000,,,71500,0
108187071,,,14700,0
7496257000,,,34500,1
210255075,,,43250,0
127127088,,,117000,1
41171058,,,13750,0
3395328000,,,158000,0
4236622000,,,100000,0
7006139000,,,40000,0
179018072,,,68000,0
6779404000,,,61250,0
446262072,,,57600,0
11037726000,,,46000,0
8341063000,,,37000,0
299826068,,,139000,0
159766068,,,22500,0
6889876000,,,29200,0
153884081,,,75500,0
3999034000,,,115800,1
184499084,,,31600,1
3327423000,,,52000,1
4527048000,,,101000,0
152484088,,,92500,1
223745072,,,142000,0
10635084,,,13000,1
145708071,,,10750,0
221464082,,,10100,0
351530000,,,23900,0
588877065,,,31750,0
485106084,,,48500,0
165346072,,,48500,1
767680072,,,108000,1
13765072,,,19000,0
221217000,,,76900,1
445282072,,,33500,0
17092052,,,81700,0
1631472000,,,285000,0
5432283000,,,18050,1
133480088,,,77000,1
184684057,,,85100,0
165872053,,,22250,1
3399515000,,,51000,0
3084266000,,,19750,1
164715058,,,12150,0
5138804000,,,133600,1
29489065,,,13250,0
475375084,,,16200,0
32064075,,,17400,0
133293088,,,49000,0
602051000,,,120000,1
66290068,,,38500,1
234528072,,,13250,0
2604690000,,,99000,1
5025154000,,,44800,0
248921088,,,31000,1
312113075,,,66000,0
5341856000,,,25200,0
160026053,,,27000,1
362336075,,,25600,0
362446075,,,14600,0
4019844000,,,19500,0
3737838000,,,18400,1
600749084,,,91000,1
411503053,,,32750,0
7391183000,,,84100,0
159909051,,,15500,0
247765071,,,38000,0
635210000,,,9750,0
622522084,,,84600,1
5221293000,,,30250,0
186907057,,,57000,0
2715169000,,,128000,0
44679071,,,77600,1
449999072,,,45500,0
150849068,,,38500,0
266309068,,,15400,0
6913109000,,,5400,0
3927640000,,,43300,1
348272084,,,14750,1
223233088,,,34000,0
382366081,,,12500,0
162866058,,,177500,0
2394323000,,,11975,0
7372739000,,,73500,0
26042072,,,24000,0
222432082,,,74000,0
108304063,,,98000,1
16860052,,,231500,1
504618084,,,37400,0
10570062000,,,12400,0
185844075,,,115000,0
184392084,,,106000,1
221448082,,,80500,0
97283065,,,144000,1
42468053,,,5550,0
109890081,,,25000,0
97663063,,,114000,0
8391994000,,,90000,1
9191933000,,,99000,0
331025084,,,22100,1
226943088,,,26500,0
297867084,,,56700,0
34214075,,,132000,0
7341057000,,,9350,0
106192075,,,66900,0
180117071,,,19000,0
5517364000,,,47000,0
5238637000,,,23200,1
7545082,,,218500,1
257041075,,,45800,1
489987084,,,12000,0
2618457000,,,35200,1
7792022000,,,43750,0
317531000,,,239000,1
1808939000,,,118000,0
5868488000,,,15500,0
222859082,,,267000,0
11863160000,,,43500,1
24223052,,,160500,1
175893071,,,23250,0
425858071,,,126000,1
651346082,,,289000,1
420247053,,,130000,1
344009084,,,81800,1
435626081,,,41750,0
424721088,,,20000,0
222596082,,,119300,0
5734267000,,,81700,1
5712264000,,,179500,1
49904075,,,20700,0
255569071,,,7800,0
172060058,,,73700,0
167197058,,,7400,0
161697058,,,3520,0
162918058,,,83250,0
562869065,,,24000,0
585246065,,,25500,0
256754088,,,37000,0
190105053,,,123000,0
170705058,,,167400,0
165153058,,,45900,0
2759045000,,,104000,0
7201209000,,,159000,1
2610812000,,,71000,0
1726896000,,,46750,0
413525088,,,269000,0
221964082,,,118500,1
3045991000,,,11100,0
53566071,,,96500,1
424147000,,,72400,0
106708084,,,14000,0
220828082,,,162800,0
7046156000,,,62000,1
9333918000,,,22500,0
2802519000,,,7300,0
146836088,,,103950,1
405732053,,,26250,0
249128075,,,17300,0
833084,,,214000,1
171618058,,,30250,0
8117923000,,,12700,0
6773863000,,,107000,1
190483053,,,22250,0
167869058,,,16700,1
14320052,,,27200,0
3452293000,,,39000,1
3018483000,,,58400,0
179187081,,,10250,0
6406825000,,,82500,1
6900115000,,,43300,1
1633774000,,,56000,0
4413782000,,,33600,1
4334211000,,,44000,0
619459084,,,101000,0
1839940000,,,127000,1
58666052,,,222750,0
541884084,,,18700,0
39585081,,,102000,0
23423052,,,46300,0
170497058,,,15500,1
447185081,,,6575,0
140129000,,,29250,0
6823396000,,,140300,0
7260787000,,,15750,0
290633071,,,16250,0
6745335000,,,132000,0
168314075,,,27300,0
5141301000,,,10000,0
168319075,,,60900,0
35157058,,,21200,0
236449057,,,56600,1
450061072,,,17750,0
620792084,,,109000,1
195409053,,,7000,0
381377081,,,134000,0
5776285000,,,104000,0
97305063,,,100000,0
2299430000,,,34300,0
113617071,,,33500,0
54246063,,,100000,0
7306584000,,,75000,1
399528088,,,126000,0
5289946000,,,95400,0
168163075,,,87100,0
3261643000,,,78500,1
7614079000,,,112500,1
617327000,,,87000,0
215326075,,,110000,1
563242065,,,39000,1
401216065,,,18000,0
10326701000,,,86000,0
20079052,,,95100,0
446084053,,,9600,0
55516068,,,146600,0
7966569000,,,108000,1
6029910000,,,100000,1
3847835000,,,73100,1
8075755000,,,81600,1
245654081,,,31000,1
378078081,,,10050,1
8516545000,,,47000,1
338928081,,,24850,0
8583155000,,,47250,0
3924247000,,,6000,1
1137138000,,,87000,0
156758068,,,27000,0
21437068,,,35750,0
117232065,,,27500,1
444631081,,,40500,0
10309697000,,,144000,1
15734000,,,63600,0
4992133000,,,62000,0
362988075,,,47900,0
183507065,,,37000,0
136593088,,,260000,1
133840088,,,147000,0
6774913000,,,143000,0
137246088,,,25000,0
3801138000,,,87000,0
3271493000,,,13000,0
315400088,,,74000,0
234113072,,,81500,0
25392072,,,11750,0
25418072,,,17500,0
266993000,,,14300,0
99131063,,,49000,0
11150299000,,,48000,0
4774082,,,30000,0
97030063,,,12500,0
6379574000,,,32300,0
9630407000,,,10000,0
189258053,,,96000,1
184157057,,,45300,0
452981053,,,39500,0
9411989000,,,24500,1
88179082,,,169000,0
294019088,,,114000,1
87910082,,,85000,0
5338056000,,,95500,1
6109706000,,,26500,1
5525392000,,,35750,0
3623823000,,,88500,0
48341071,,,16500,0
221547058,,,8250,0
222800063,,,47000,0
132434088,,,128000,1
133535088,,,73000,1
9430791000,,,86000,1
96962081,,,154000,0
101745063,,,78000,1
162347058,,,19750,0
26206052,,,244200,0
646208082,,,123300,0
19587068,,,41750,1
4124051000,,,181000,1
28386082,,,78500,0
7819664000,,,107600,0
319782088,,,59000,1
11165673000,,,27000,1
89200068,,,20750,0
131864088,,,147000,1
105224063,,,96000,1
271535068,,,33000,0
143040053,,,13500,0
7297739000,,,61000,0
110890065,,,20150,0
7694821000,,,55100,1
5705469000,,,12000,0
520904000,,,87000,0
167175058,,,4100,0
488415084,,,35750,0
402389065,,,28750,1
293069084,,,78300,0
79582071,,,20700,0
661107072,,,16000,0
7580467000,,,239700,0
56539057,,,7600,0
586923065,,,11750,0
589545065,,,18500,0
347919084,,,23750,0
338843081,,,27500,0
489019084,,,31000,0
547239084,,,120000,1
143287088,,,29000,0
256994088,,,46000,0
75903068,,,9850,1
447042072,,,17400,0
7005316000,,,227000,0
49735063,,,64000,0
2628863000,,,32600,0
383980081,,,12450,0
189354053,,,43100,1
31000053,,,84000,1
24415072,,,24250,0
6418341000,,,75000,0
63308075,,,16000,0
100361068,,,25500,0
62148068,,,71500,0
266896075,,,24000,0
7380435000,,,16900,0
64970071,,,41000,1
5341246000,,,33200,0
185888053,,,18000,0
7847583000,,,141000,0
172168082,,,71100,0
164113058,,,34200,0
755074072,,,74400,1
58160084,,,19600,0
98355063,,,45000,0
2651763000,,,81500,1
4158716000,,,41500,0
404129065,,,16900,0
8535855000,,,3600,0
432121088,,,153000,1
7806697000,,,145750,0
52578052,,,48000,0
98003063,,,24000,0
182923084,,,31600,0
4329722000,,,64000,0
61122058,,,9150,0
164863058,,,77000,0
6338766000,,,107700,0
5494335000,,,77400,1
3243457000,,,21900,1
120099075,,,70300,1
255490057,,,108200,1
11416417000,,,50000,0
171340058,,,17600,0
2080944000,,,13000,1
6132671000,,,69000,1
378775081,,,34000,0
8085640000,,,13400,0
115506068,,,66000,0
186590053,,,26750,0
209291063,,,25000,0
1833671000,,,25000,0
106696075,,,10800,0
654192000,,,111000,1
217671081,,,83000,0
6721356000,,,72000,1
4330320000,,,11100,0
167288058,,,5100,0
9155190000,,,116000,0
253225057,,,293600,0
325302071,,,48500,0
562877065,,,65000,0
567470065,,,120000,0
118480053,,,199000,0
661536072,,,111000,0
7923555000,,,31300,0
416497071,,,19750,1
377267081,,,92250,0
377523081,,,132000,0
156064068,,,191000,0
178060063,,,52000,0
15616052,,,190200,1
2957563000,,,48100,0
65001068,,,30000,0
3774635000,,,156000,0
4334297000,,,222200,0
1086117000,,,78250,1
211521075,,,20500,0
184680057,,,72100,0
189888053,,,14750,0
564360065,,,13750,0
229078075,,,14600,0
25549081,,,104000,0
16954068,,,118600,0
159262068,,,7900,0
44987071,,,75000,1
7917628000,,,31100,0
201653075,,,6000,0
203953075,,,18300,0
220425088,,,193000,1
294727084,,,24500,0
759552000,,,40900,0
266507075,,,14750,0
6259359000,,,26500,0
381752081,,,90250,0
252249088,,,154000,0
97700000,,,6800,0
7766532000,,,13750,1
378787081,,,13250,0
6100472000,,,34500,1
8526163000,,,38500,1
634758000,,,112000,0
96346068,,,16500,0
282312053,,,22500,0
3345064000,,,35200,1
164965082,,,133600,0
164254058,,,9000,0
9567956000,,,24800,1
620529084,,,188000,1
611084084,,,128000,0
362651075,,,14600,0
2962487000,,,56000,0
51791082,,,90000,0
262842088,,,65000,0
142085088,,,260000,1
11439756000,,,19000,1
676095000,,,13000,1
7510562000,,,4150,0
8721070000,,,6300,0
160828053,,,9800,0
142907088,,,87000,1
2381357000,,,48750,0
2870694000,,,50000,0
408691053,,,10750,0
572941065,,,210000,0
7647755000,,,40750,0
442879053,,,68500,0
2934461000,,,31300,0
537805000,,,58000,0
180688065,,,72250,0
9222458000,,,82100,0
5728847000,,,154000,1
212944051,,,11600,0
66525071,,,30250,0
45958068,,,124000,0
3400091000,,,40000,0
9219744000,,,21900,0
202363057,,,23900,0
105541063,,,118000,0
425496088,,,94000,1
104796071,,,7100,0
288497071,,,6600,0
6440904000,,,163400,0
3974312000,,,67750,0
446894081,,,28750,0
575448065,,,28400,0
584048065,,,10100,0
4633454000,,,18400,1
1145528000,,,129000,0
222359082,,,112300,1
185770053,,,20500,1
7843396000,,,48750,1
8672077000,,,60000,0
185454084,,,179000,1
216432084,,,107000,1
9131902000,,,141000,0
75994068,,,39000,0
7290351000,,,86750,1
6186086000,,,124300,0
9665451000,,,107000,0
8162172000,,,30000,0
66583071,,,18250,0
3430016000,,,121750,0
659353072,,,15000,0
2085250000,,,24700,0
23709072,,,43300,0
23855072,,,32250,0
155897068,,,23000,0
155904068,,,12500,0
250694084,,,49600,1
359672000,,,259500,0
22897052,,,144700,0
157564051,,,25500,0
7556357000,,,260000,1
1870068,,,48700,0
47489058,,,8100,0
2898300000,,,15150,0
5358787000,,,110000,0
163229058,,,11000,0
3978468000,,,58750,1
192112088,,,113000,1
114387075,,,24500,0
5383098000,,,102000,0
2952154000,,,56000,0
105054065,,,68250,0
158641065,,,28750,0
566582065,,,43000,0
158642065,,,13250,0
1839264000,,,110000,1
236351081,,,17750,0
102322063,,,28500,0
11929071,,,39000,1
230805058,,,5500,0
159683068,,,65000,0
9246278000,,,54000,0
276360071,,,117000,0
3564711000,,,89000,1
16184075,,,23250,0
170748058,,,74000,0
5589826000,,,84800,1
9191985000,,,45100,0
5339004000,,,22500,0
256763088,,,13000,1
296758084,,,17400,0
10450456000,,,27500,0
6775024000,,,81000,0
184106088,,,179000,0
42877063,,,23000,0
3595164000,,,13750,0
582472000,,,196000,1
67763071,,,59000,0
5857252000,,,18000,0
298745084,,,136000,1
128162068,,,119700,1
449329072,,,34750,0
442917053,,,11750,1
1455845000,,,51000,0
9661493000,,,9000,0
2148901000,,,125000,0
562861065,,,52500,0
82737068,,,33000,0
97273063,,,80000,0
105180063,,,151000,0
139098088,,,194000,1
228609058,,,219800,0
90785075,,,44900,1
3079501000,,,31750,1
2372271000,,,145500,1
224215063,,,39000,0
190109053,,,44750,0
89989082,,,67500,0
266300068,,,16200,1
189977053,,,143000,0
164735058,,,16600,1
221829082,,,171500,1
162943058,,,145600,0
398828065,,,27750,0
11328290000,,,32000,0
185779053,,,27000,1
7805914000,,,57400,1
434678065,,,105000,1
10799976000,,,18000,0
4077673000,,,19750,0
8620944000,,,79000,0
444561072,,,28200,0
89991063,,,19000,0
96810063,,,116000,1
448172053,,,154000,0
10809840000,,,72000,1
4220360000,,,88000,1
6910276000,,,14500,0
140179081,,,15750,0
95586082,,,21900,1
5341264000,,,147000,0
417465071,,,72500,0
322170053,,,15250,1
267966068,,,96600,1
449472072,,,6550,0
188722053,,,11100,0
5339556000,,,47600,0
263376084,,,117000,0
106969065,,,25500,1
39223052,,,43400,0
2349798000,,,23100,0
11038936000,,,67600,1
178267063,,,101000,1
270990000,,,128000,0
59566084,,,199000,1
398256065,,,80000,0
425106088,,,39000,0
108780071,,,16500,0
7840744000,,,38000,0
168626058,,,8700,0
168624058,,,15200,0
6094182000,,,7800,0
221189082,,,31500,0
6905236000,,,195000,0
127170071,,,17500,0
4205930000,,,173000,1
2161361000,,,9850,0
5695383000,,,269000,1
9138914000,,,59400,0
184668057,,,113800,0
130556088,,,179000,1
278669084,,,57900,0
171276058,,,2550,0
15740058,,,22500,0
222702082,,,129800,0
3457077000,,,57000,1
359036053,,,18250,0
2626191000,,,104000,0
131348088,,,33000,0
332048088,,,166000,1
425498088,,,63000,1
71516053,,,50000,0
26907071,,,48000,0
192996088,,,56000,1
2827659000,,,44700,0
603609000,,,116900,1
235266058,,,217500,1
6483280000,,,233000,0
215735084,,,180000,0
8215457000,,,47200,0
164647058,,,61250,0
159491000,,,189000,1
7522332000,,,40000,0
2147635000,,,62000,0
181709071,,,152000,0
4189071,,,96000,0
149564053,,,89000,0
236623072,,,60000,0
33457065,,,11000,1
185635084,,,59600,0
200903075,,,27750,0
446663072,,,24250,0
19548075,,,20900,0
5939926000,,,122000,0
215335075,,,121000,1
158816068,,,169000,0
56008075,,,17250,0
5635651000,,,60000,0
6708560000,,,44000,1
181096071,,,33500,0
222400082,,,17700,0
8693068,,,60000,0
7364763000,,,151000,0
185219057,,,26600,1
3029494000,,,36600,0
79442071,,,89000,0
9439186000,,,55200,1
6210170000,,,265000,0
21455075,,,37000,0
22300075,,,69900,0
7515790000,,,40500,1
1403220000,,,12250,0
609792084,,,82250,1
229859075,,,16500,1
7816843000,,,15250,0
181047065,,,261000,0
128920082,,,44000,0
5303889000,,,11800,0
9594565000,,,31500,0
594686084,,,64200,0
372481065,,,91750,0
34369052,,,243500,0
7152946000,,,21250,0
6395309000,,,49750,0
234469088,,,51000,1
404734053,,,99500,0
750244072,,,22600,0
8052430000,,,95500,0
2650716000,,,16250,0
6955734000,,,13300,0
6130993000,,,26000,1
378667081,,,32750,0
9911892000,,,196000,1
418706071,,,6100,0
266500075,,,9350,0
7886467000,,,12600,0
401813065,,,20000,0
332711088,,,38000,0
37463082,,,96000,1
148866000,,,46500,0
7335197000,,,232000,0
382826084,,,11800,1
185574071,,,22750,0
2290710000,,,51000,0
5092503000,,,32900,1
10447814000,,,9200,0
378750081,,,20250,0
274608084,,,242000,1
256105084,,,133000,1
1670430000,,,35900,1
2209255000,,,183000,0
62388000,,,10250,0
87511075,,,54900,0
128466068,,,8250,0
162161058,,,64000,0
181509084,,,148000,0
8592604000,,,27750,0
5750426000,,,119000,0
94745063,,,93000,0
568056084,,,14300,0
2855360000,,,154000,1
10570209000,,,54000,1
349480084,,,102000,1
23385065,,,28000,0
226819088,,,39000,0
2360365000,,,57300,0
6711885000,,,185000,0
6974269000,,,90000,0
623873084,,,25000,1
559511065,,,60500,1
144134082,,,59000,0
221434082,,,104000,0
11281641000,,,26800,0
7387648000,,,34600,0
3557492000,,,21250,0
238970088,,,102000,0
6432573000,,,33000,0
559983065,,,53000,1
573538065,,,46500,1
19798052,,,58250,0
24724052,,,27900,0
128388068,,,13100,0
6993145000,,,91200,1
45933071,,,39900,0
184124065,,,20750,0
11099340000,,,41000,0
324949071,,,34250,0
242385084,,,71400,0
9165373000,,,145000,1
208851063,,,120000,0
178933072,,,23750,0
663017072,,,27300,0
254825068,,,85000,0
116416072,,,33700,0
294669084,,,19800,0
38227071,,,78000,0
46803071,,,8700,1
662723072,,,32000,0
152753068,,,59000,0
3337392000,,,83600,0
9293250000,,,12500,1
10374116000,,,27750,0
95282068,,,12700,0
150710063,,,45000,1
4516270000,,,43200,0
195528053,,,77000,1
475539053,,,57000,1
2747692000,,,69000,0
183298058,,,34500,1
167431075,,,24900,0
6262031000,,,28100,1
127756088,,,139000,1
348761084,,,46600,0
181872058,,,95400,0
9366229000,,,12500,1
228061072,,,23000,0
340345082,,,195900,1
11242493000,,,35700,1
750966072,,,133000,1
3504644000,,,70900,0
532221084,,,25100,1
6777353000,,,116600,1
3301648000,,,32000,1
27026071,,,30000,0
185225084,,,36000,0
144699088,,,135000,0
5629787000,,,20400,0
237832000,,,18500,0
4219126000,,,270000,1
571744000,,,211000,1
766310072,,,69500,1
448634053,,,21500,0
314040088,,,166000,0
157638051,,,33000,1
162334058,,,292250,0
190335075,,,17400,0
3770209000,,,31500,0
541857084,,,179000,0
8287075,,,39000,0
8288075,,,44000,0
21576052,,,36600,1
9019731000,,,44000,0
76597071,,,26900,1
9771998000,,,34900,1
241680058,,,25000,1
265458075,,,10850,0
4283250000,,,89900,0
6889981000,,,171000,1
26611052,,,271000,0
357305075,,,102000,1
5558961000,,,262000,0
137044068,,,79300,0
56683068,,,44800,0
211992081,,,18000,0
3135730000,,,17750,0
409509053,,,128000,0
5848383000,,,117000,1
431342088,,,185000,0
8113311000,,,70600,0
5518860000,,,27750,1
10645068,,,133000,0
7144883000,,,35600,0
187588084,,,61800,0
94071068,,,46500,0
2699502000,,,109000,1
222629082,,,69500,0
832934000,,,115000,1
2670510000,,,14500,0
3341035000,,,56500,0
10840744000,,,11200,1
6717568000,,,147000,1
187788084,,,77700,1
443238053,,,147000,0
2643859000,,,23250,0
7339620000,,,41250,0
3799335000,,,229000,0
295067088,,,118000,1
597327084,,,19750,1
38996071,,,14600,0
188053084,,,175000,0
7573601000,,,17000,0
5525412000,,,66500,0
340035081,,,38500,0
137210088,,,84000,0
85645084,,,12700,0
7045248000,,,68300,1
1616082,,,100000,0
140006068,,,34750,0
558349065,,,154000,1
238894075,,,32000,0
406046053,,,26500,0
2613990000,,,41500,1
6124814000,,,77600,0
236360081,,,28000,0
185153084,,,14500,0
8176679000,,,167750,0
11544053,,,39750,0
185936084,,,74600,0
21499052,,,114000,0
8495236000,,,105000,1
14296068,,,10800,0
168007058,,,18500,0
537033000,,,80000,0
405924053,,,172000,0
182835057,,,87750,0
650727000,,,200000,1
20992068,,,37750,0
25427052,,,115900,1
294569084,,,35300,0
323241075,,,248000,0
355014084,,,85200,0
989907000,,,60100,0
115930068,,,19750,0
9295108000,,,47000,0
2196985000,,,107000,1
6861006000,,,22000,0
190575053,,,32000,1
76306068,,,37300,0
167438058,,,3650,0
424716088,,,25000,1
8017443000,,,47000,0
191412057,,,58600,0
96290063,,,135000,0
7734583000,,,59250,0
5159457000,,,65600,0
3968601000,,,41000,0
460082,,,32000,0
377330081,,,31750,0
355163082,,,137800,0
377214081,,,153000,0
377212081,,,15500,0
144059088,,,236000,0
402592065,,,21150,0
267072084,,,67100,1
2371779000,,,101000,0
166911058,,,53600,0
434610065,,,91000,0
3950302000,,,33750,1
6466708000,,,16000,0
167361058,,,7800,0
133089075,,,9800,0
8210115000,,,126000,0
228532088,,,50000,0
63392084,,,7100,0
352977084,,,91000,0
5523132000,,,160000,1
2203775000,,,36750,1
81955081,,,6000,0
6148233000,,,24000,0
425494088,,,120000,1
161349051,,,11600,0
8609998000,,,6500,0
14102068,,,35250,0
3452972000,,,121000,0
119192068,,,8150,0
8870635000,,,86750,1
1414714000,,,100000,1
122680084,,,106000,0
6695836000,,,68800,0
107289071,,,13500,0
59856082,,,50500,0
180633065,,,4450,0
405639053,,,42000,1
7881012000,,,155000,0
295610084,,,24250,1
10568547000,,,144250,0
449607072,,,114000,0
11214054000,,,98200,0
6129882000,,,29900,1
7373334000,,,69800,0
340774075,,,126000,1
9943041000,,,65900,0
9518460000,,,18000,0
508565084,,,75000,0
108552063,,,106000,1
2762912000,,,195000,1
17079000,,,74000,1
882934000,,,65750,1
5892880000,,,18700,0
389174065,,,93750,0
248873084,,,39500,0
399529088,,,90000,0
192064053,,,24250,0
117715065,,,247000,0
168858058,,,5850,0
143872088,,,89000,1
4350783000,,,93500,0
116665084,,,98300,1
89001082,,,115000,1
7673573000,,,95000,0
254883068,,,22300,0
2045056000,,,38000,0
403966065,,,25500,0
116646084,,,190000,1
7276912000,,,21750,0
22129075,,,95100,1
66673071,,,11750,0
7904545000,,,127000,1
144509082,,,12800,0
11296647000,,,27600,0
166892058,,,14750,1
183518065,,,7000,0
7614004000,,,91000,1
302641084,,,50500,0
358681084,,,32400,0
4074053000,,,107000,0
240687071,,,17250,0
190454075,,,26500,1
443685072,,,7100,0
273939088,,,37000,1
11280440000,,,14500,1
156144051,,,8800,0
34331071,,,54500,1
11408949000,,,59000,0
3397998000,,,49250,0
294009088,,,47000,1
190338084,,,57300,0
399111065,,,44000,0
71910084,,,73000,0
10272295000,,,74500,1
3456778000,,,14250,1
2636470000,,,63500,1
477546071,,,56000,0
2150856000,,,25000,0
192336053,,,38250,1
107040063,,,201000,0
4595697000,,,8750,0
7967383000,,,31700,0
9831464000,,,120000,1
271795084,,,99100,0
271856084,,,30300,0
8502162000,,,16200,0
1571037000,,,115000,1
120806084,,,13400,0
135036071,,,50250,0
2078157000,,,105000,1
95724063,,,74000,0
7409526000,,,65400,1
141908088,,,101000,1
648492000,,,51100,0
167434058,,,32500,0
340070081,,,8750,0
178797075,,,35000,0
31023053,,,27750,1
2285924000,,,142200,0
157774051,,,27300,0
32127072,,,193000,0
7157862000,,,34750,0
163814058,,,13250,0
7638319000,,,11100,0
6243968000,,,26500,1
291185071,,,28000,0
2712131000,,,71000,0
187166053,,,5700,0
594855084,,,30100,0
3743910000,,,198400,1
2913799000,,,152000,0
352299082,,,102000,0
7458630000,,,109000,1
68605068,,,53300,0
7404484000,,,41000,1
301621053,,,14250,0
90499084,,,88700,0
166912058,,,8800,0
576662065,,,11500,0
3152408000,,,39000,0
197680075,,,21000,0
284857084,,,98500,0
406951022,,,29500,0
240557072,,,73000,0
225103058,,,215900,0
129916088,,,199000,0
4511821000,,,4700,0
356757084,,,56300,0
135995071,,,16250,0
1420806000,,,188000,0
8582293000,,,82000,0
13243071,,,7600,0
38209082,,,149000,0
17124052,,,235800,1
463305065,,,20750,0
4557364000,,,89400,1
186858065,,,110000,1
4015299000,,,25000,1
288310084,,,35800,0
159891084,,,21100,0
2917317000,,,61500,0
4512568000,,,91200,0
165707082,,,64250,0
152077084,,,59300,0
185144057,,,8000,0
54203071,,,8750,0
101913063,,,41000,0
15741000,,,175000,1
569131065,,,12150,0
62478082,,,148600,0
584051065,,,37250,0
9149118000,,,9300,0
7741081000,,,36000,0
128863088,,,74000,1
740111072,,,23750,0
222792082,,,146800,0
133947088,,,49000,0
234673075,,,11750,0
6009383000,,,39000,1
5768324000,,,63500,0
1125106000,,,46900,1
1784631000,,,14750,0
7386321000,,,13750,1
620786084,,,149000,0
491340000,,,189000,1
257799058,,,52700,0
6395315000,,,15400,0
9407711000,,,53000,0
273478084,,,99000,1
1391529000,,,12400,0
362506075,,,117000,0
71586072,,,22500,0
129314088,,,148000,0
6721391000,,,3050,0
1955831000,,,27500,1
8919612000,,,45000,0
182842057,,,53000,0
499653084,,,21100,0
7156315000,,,46250,1
7547256000,,,39250,0
2139190000,,,44800,0
138243081,,,118000,0
737079072,,,77000,0
360755000,,,21750,0
10226771000,,,17500,0
3506686000,,,98750,1
221574075,,,33700,0
7930842000,,,155000,0
6846072,,,43500,0
67474072,,,93500,1
434806081,,,68000,0
283388053,,,27750,1
7828139000,,,143000,0
184763084,,,19200,1
448554072,,,15300,0
136020071,,,23750,0
7779655000,,,260000,0
160761058,,,5400,1
160449058,,,9150,1
245505000,,,160000,0
397826088,,,30000,0
179644053,,,116000,1
177681053,,,11500,0
11384534000,,,68500,0
406925053,,,31500,0
221759063,,,93000,0
228608058,,,245500,0
218813057,,,64200,0
160457058,,,32800,1
2639657000,,,75500,0
105846071,,,25500,0
461553065,,,106000,1
34481071,,,21500,0
484166071,,,57100,1
18231071,,,23750,0
18159071,,,7600,0
5646050000,,,49900,0
6920539000,,,81000,1
167590058,,,22500,0
443901072,,,11750,0
8201704000,,,200000,1
11774896000,,,8750,0
178248075,,,8750,0
108548063,,,49000,1
107200051,,,144500,0
230296051,,,7000,0
5193834000,,,103000,0
158822068,,,58000,0
661256072,,,22000,0
2108686000,,,27000,0
802292000,,,30000,0
622074084,,,97600,0
334573071,,,5400,0
55865068,,,30000,0
55963068,,,24000,0
449824072,,,22750,0
251356071,,,3150,0
189814057,,,27750,0
160203058,,,68000,1
182775065,,,22500,0
162699071,,,17500,0
670858000,,,32750,0
124969071,,,26000,0
1365296000,,,142800,0
10088119000,,,143750,0
78311051,,,34600,0
7752627000,,,16500,0
8125845000,,,61500,0
190987088,,,87000,1
600148084,,,43500,0
8211571000,,,34100,0
259454071,,,63000,1
104503063,,,55000,0
8781230000,,,79100,0
220944082,,,137100,0
3336797000,,,41100,0
182042065,,,104000,0
302830071,,,59000,0
489066071,,,95000,1
5797956000,,,38750,1
3786472000,,,130800,0
4669447000,,,112000,0
8912183000,,,14000,0
231293051,,,57000,1
190401072,,,58500,0
3401479000,,,108000,0
169782058,,,21900,0
142943068,,,9100,0
50881063,,,54000,1
115005075,,,14600,0
446857072,,,9350,0
10308076000,,,91250,0
302863071,,,43500,0
117623071,,,19750,1
559505065,,,20500,0
281096084,,,159000,1
35408065,,,35750,0
71658068,,,48000,0
259595071,,,59600,1
1420717000,,,31250,0
4660934000,,,57500,1
10071110000,,,37250,0
73511071,,,26500,0
73300071,,,12750,0
32609071,,,6100,0
182831057,,,41500,0
68399071,,,10800,0
163122068,,,12000,1
87570071,,,10250,0
273704084,,,41000,0
100889063,,,49000,0
106954063,,,33000,0
190829000,,,136800,1
5428878000,,,16750,0
8874089000,,,13750,0
222745082,,,105000,0
150918068,,,38000,0
6736906000,,,7300,0
69352082,,,133000,0
129564058,,,11000,0
11369954000,,,51000,0
310300071,,,14100,0
345651053,,,23250,0
4790201000,,,31300,0
387434084,,,46600,0
387437084,,,142000,0
4562320000,,,92400,0
55249057,,,24200,0
357535084,,,13300,0
267937075,,,17500,0
23334075,,,128000,0
14170053,,,90000,1
129277088,,,31000,1
360286000,,,212000,1
4552015000,,,250000,0
259523071,,,21100,1
661219072,,,28250,0
332410088,,,53000,1
660601072,,,27300,0
187543072,,,23750,0
382157081,,,29000,0
501825071,,,47000,0
115654071,,,68500,0
1332627000,,,100000,1
102535063,,,82750,1
7055550000,,,26400,1
169210058,,,16000,0
21886052,,,68300,0
185659071,,,247000,0
2609254000,,,35750,0
741267072,,,141000,1
303264071,,,4900,1
297789088,,,85000,0
110469068,,,35500,0
4018217000,,,90000,0
217886072,,,32250,0
4310091000,,,161300,0
661641072,,,67000,0
540815072,,,11700,0
11046405000,,,49250,0
3038459000,,,37500,0
177628075,,,8200,0
177648075,,,57100,0
659195072,,,49500,1
4510599000,,,18500,0
118699071,,,9350,0
837170000,,,101000,1
125095053,,,12000,0
110476063,,,81000,1
9784537000,,,117000,0
449795072,,,18600,0
8626526000,,,39750,0
9997213000,,,92250,0
182671065,,,43250,0
7428796000,,,14750,1
240556072,,,169000,0
849898000,,,111000,1
280968088,,,162000,1
6926013000,,,95000,1
57461052,,,78100,0
8051702000,,,99400,0
3023753000,,,64300,1
302965071,,,37750,0
108811071,,,63000,1
583564065,,,81250,0
662504072,,,13000,1
250898057,,,27000,1
4749009000,,,178000,0
5246714000,,,21000,0
183972065,,,31000,0
192003088,,,165000,0
235277072,,,67000,0
139486088,,,69000,1
158742068,,,8000,0
3022831000,,,6300,0
128303053,,,9750,0
28753051,,,34900,0
117823071,,,22500,0
10318943000,,,22250,0
5330677000,,,38700,0
9008824000,,,50000,0
5566411000,,,80500,1
680071,,,44000,0
656071,,,20250,0
282515088,,,71000,0
92241071,,,14500,0
583250065,,,20250,1
132914088,,,31000,0
443239053,,,73500,0
7740644000,,,102000,0
7476516000,,,55500,0
301472084,,,44250,0
292689084,,,29400,0
445529053,,,20000,0
25028052,,,149000,0
284726088,,,80000,0
388000084,,,45800,1
347489053,,,48250,0
7205038000,,,74800,0
138463088,,,271000,0
244051071,,,29000,0
35656068,,,76000,0
35620068,,,66000,1
757189072,,,220000,1
4764051,,,13750,0
1618267000,,,75000,0
1520832000,,,85700,0
27042071,,,13000,0
6613327000,,,65000,0
407438065,,,82000,0
129042088,,,153000,1
172419075,,,59500,1
4506021000,,,57000,0
3505096000,,,173800,0
9672142000,,,101000,1
3852624000,,,44750,0
221473082,,,103500,0
96732082,,,13700,0
125445068,,,138000,0
104243065,,,34750,0
125423068,,,115000,0
406945053,,,118000,0
1953588000,,,34500,0
158717071,,,33000,0
112352071,,,15000,0
318902071,,,11600,0
9866212000,,,140250,0
2166579000,,,59000,1
446132072,,,23250,0
137615071,,,27500,0
104438053,,,11750,0
410600088,,,27000,1
7181580000,,,66000,1
3054563000,,,9750,0
11442531000,,,23500,0
58132068,,,12000,0
190963053,,,2000,0
226825075,,,15500,0
214059081,,,10000,0
6406451000,,,76400,0
561670065,,,57000,0
184940084,,,20000,0
81054075,,,147000,0
7468780000,,,79500,0
303144071,,,49500,0
68538075,,,11900,0
29432075,,,175000,1
396664084,,,39250,0
139742088,,,55000,0
1035832000,,,125000,1
107328063,,,40000,0
1642130000,,,32000,0
7789361000,,,33000,0
444120072,,,17250,0
737099072,,,14500,0
292054071,,,17500,0
179682081,,,6600,0
104490063,,,89250,0
103495063,,,20500,1
106093063,,,46900,0
4477156000,,,132000,1
31369075,,,14500,0
7431031000,,,44500,1
3306761000,,,26100,0
217525081,,,25500,0
661015072,,,81500,0
218923072,,,58500,0
1187565000,,,85400,0
7877642000,,,38000,1
11194079000,,,2950,0
21628052,,,93400,0
369986053,,,29250,0
10494279000,,,131000,1
760688072,,,152000,1
8165416000,,,18150,0
189749053,,,111000,0
8383531000,,,163000,0
387962084,,,23750,0
166484058,,,10100,0
143900068,,,134750,0
16532052,,,90300,0
153704071,,,74500,0
186254084,,,84700,0
2166525000,,,274500,0
29484075,,,103000,0
143910071,,,15500,0
355269084,,,236000,1
186909057,,,108000,0
104436063,,,62000,0
1561591000,,,163750,0
6016638000,,,88500,1
456581053,,,52500,1
386124053,,,22000,0
119205071,,,207000,0
7393784000,,,163000,0
66728068,,,26250,0
222992082,,,60250,0
188363053,,,30250,0
132822088,,,96000,1
164168065,,,21000,0
6874417000,,,9800,0
117734071,,,69000,1
47036052,,,88800,0
7250575000,,,137000,1
7527835000,,,54000,0
5217466000,,,39500,1
7680477000,,,43300,0
28861051,,,7100,0
140638088,,,280000,0
3216421000,,,22000,0
187047057,,,184700,0
182689057,,,46800,1
91465071,,,8300,0
181776058,,,32500,0
5340290000,,,24700,1
350409053,,,171000,0
9303802000,,,27500,0
221124082,,,63500,1
117753071,,,42000,1
31875052,,,16600,0
184105088,,,252000,1
142947068,,,17250,0
1166473000,,,114500,0
5638164000,,,79500,0
743588072,,,58500,0
4535127000,,,14900,0
989389000,,,64000,1
14355052,,,69800,1
6549023000,,,6300,0
292723084,,,47000,0
173418075,,,24300,0
168042058,,,42700,0
2706969000,,,185000,1
6783197000,,,73300,0
6757433000,,,95500,1
68442071,,,9350,0
409403053,,,100000,0
276703088,,,55000,0
273756088,,,148000,0
2991228000,,,48000,0
417271071,,,36000,0
6745996000,,,32500,0
113311068,,,7000,0
37563065,,,24750,0
353158053,,,4250,0
8136120000,,,81000,1
140697088,,,95000,0
6912722000,,,50000,0
443145072,,,131500,0
112362082,,,32800,0
5469885000,,,35500,0
10078080000,,,16750,0
7338357000,,,20000,1
494237084,,,26900,0
69145082,,,118000,1
1392634000,,,104000,1
302996071,,,49100,0
244181075,,,7600,0
6711845000,,,65500,0
70689075,,,31300,0
125525082,,,53500,0
8583226000,,,4150,1
185925057,,,25600,0
316825000,,,79500,0
222694082,,,47500,0
2348795000,,,62300,0
11325856000,,,16000,0
159256072,,,17500,1
90342082,,,5600,0
158942068,,,67500,1
78453068,,,70750,1
11768994000,,,93000,1
109422071,,,34250,0
244032075,,,39500,0
3425322000,,,50000,0
282427088,,,120000,1
8539873000,,,54250,1
5599642000,,,35500,0
212198051,,,6500,0
134770051,,,21900,0
134772051,,,48800,0
135080071,,,17500,0
231276088,,,56000,0
5245033000,,,45500,0
175672088,,,68500,1
3879364000,,,19250,0
6746054000,,,41100,0
55704068,,,43750,1
115438071,,,96000,0
8875417000,,,8800,0
71661072,,,45000,1
287759088,,,33000,0
444658072,,,11800,0
125207082,,,59900,0
50558063,,,142000,0
746690072,,,53200,1
190450072,,,96500,0
70832075,,,31300,0
8879623000,,,110000,0
178720063,,,28000,0
6107558000,,,22750,1
135012088,,,27000,0
175070075,,,23250,0
44844071,,,37300,0
182548057,,,29400,0
86928071,,,28000,0
191267053,,,19000,0
273707068,,,181500,1
47523082,,,32000,0
159365058,,,6850,0
5294096000,,,53400,0
249802075,,,11800,0
249358075,,,90000,0
362720075,,,43800,0
572366065,,,64000,1
2723034000,,,6050,0
4710662000,,,7500,0
5559709000,,,132400,1
21922052,,,148000,1
765464072,,,130000,0
9234464000,,,147600,0
4858676000,,,50750,0
56555052,,,66500,0
222130082,,,16250,0
768154072,,,136000,0
4073731000,,,66900,0
215680000,,,90000,0
6641059000,,,47000,1
3665633000,,,12000,0
267832075,,,18400,0
245726075,,,30800,0
7676099000,,,124000,1
42360065,,,32500,0
7140396000,,,62700,1
443168072,,,14750,0
91250071,,,34900,1
659430072,,,22700,0
6747072000,,,15500,0
762719072,,,97000,1
349233084,,,183000,1
497624071,,,200000,0
29651068,,,60500,0
140717088,,,54000,0
6711676000,,,53000,1
340601075,,,29200,0
267838075,,,13000,0
737081072,,,21100,1
7495581000,,,11250,0
188335053,,,17750,0
2501285000,,,141000,1
148454071,,,84000,0
6316080000,,,80000,0
259452071,,,13950,0
47043052,,,96800,0
68545075,,,18600,0
2299456000,,,58500,0
182483065,,,46750,0
7941355000,,,42100,0
7955133000,,,5300,0
303202071,,,17800,1
94140063,,,41000,0
6934176000,,,21800,1
4693051,,,28600,0
661278072,,,6050,0
82170075,,,18000,0
7674052000,,,49000,0
83211000,,,17000,0
427362088,,,151000,1
6775022000,,,134000,0
6758945000,,,60100,1
737082072,,,97000,1
186910057,,,115000,0
9802822000,,,46750,1
362088075,,,66000,0
339299081,,,46500,0
7364929000,,,99000,1
108662071,,,43000,1
135039088,,,146000,0
3258005000,,,43300,0
658791072,,,48500,0
417127071,,,16250,0
7764693000,,,41250,0
124535053,,,122000,0
6879672000,,,23750,0
1671946000,,,94900,1
108431000,,,11750,0
15022052,,,39800,0
765821072,,,75750,1
6775020000,,,87000,1
220549082,,,118400,0
739744072,,,58400,0
29345052,,,30500,0
187936053,,,22750,0
75146053,,,22000,1
7840521000,,,63300,1
11428456000,,,5400,0
48380000,,,129000,0
166470058,,,10800,0
169756058,,,28300,1
377726081,,,26000,0
460878081,,,15750,0
138827088,,,137000,0
6740669000,,,11750,0
128323053,,,6800,0
6277283000,,,75500,0
1804560000,,,70000,0
128622053,,,9600,0
748382072,,,26000,0
11268197000,,,71500,0
254380057,,,31500,0
537807084,,,37300,0
266274000,,,65000,0
478514071,,,62000,1
356690053,,,16500,0
273978088,,,258000,0
152903071,,,20000,0
2897473000,,,54500,0
3519098000,,,55000,1