addresskey,title_no,sqm,height_m,floors,total_area
8074084,,,,,
79582071,,,,,
5159457000,,,,,
460082,,,,,
656071,,,,,
680071,,,,,
756081,,,,,
833084,,,,,
1046075,,,,,
1463053,,,,,
1616082,,,,,
1870068,,,,,
2511058,,,,,
3105071,,,,,
3355053,,,,,
4189071,,,,,
4693051,,,,,
4764051,,,,,
4774082,,,,,
6302068,,,,,
6307068,,,,,
6518082,,,,,
6846072,,,,,
6987075,,,,,
7361082,,,,,
7545082,,,,,
8548071,,,,,
81954000,,,,,
8287075,,,,,
8288075,,,,,
8354068,,,,,
8693068,,,,,
9485058,,,,,
9505051,,,,,
9708082,,,,,
10481072,,,,,
9943041000,,,,,
10635084,,,,,
10645068,,,,,
10918081,,,,,
11075053,,,,,
11215053,,,,,
11821075,,,,,
11929071,,,,,
12522072,,,,,
12912071,,,,,
13243071,,,,,
13765072,,,,,
13998075,,,,,
14102068,,,,,
14131068,,,,,
14166068,,,,,
14296068,,,,,
14320052,,,,,
14844063,,,,,
15022052,,,,,
15124088,,,,,
15178072,,,,,
15261063,,,,,
15726000,,,,,
15740058,,,,,
15741000,,,,,
15975052,,,,,
16036072,,,,,
16184075,,,,,
16532052,,,,,
16801000,,,,,
16954068,,,,,
17124052,,,,,
17318072,,,,,
17786051,,,,,
18093068,,,,,
18159071,,,,,
18231071,,,,,
18407068,,,,,
18756075,,,,,
18784075,,,,,
19241052,,,,,
19548075,,,,,
19587068,,,,,
19707068,,,,,
19874068,,,,,
20079052,,,,,
20781068,,,,,
21091052,,,,,
21437068,,,,,
21455075,,,,,
21576052,,,,,
21739072,,,,,
21886052,,,,,
22035052,,,,,
22117068,,,,,
22129075,,,,,
22267052,,,,,
22300075,,,,,
22306082,,,,,
22389082,,,,,
22824052,,,,,
22897052,,,,,
23334075,,,,,
23385065,,,,,
23423052,,,,,
23484075,,,,,
23709072,,,,,
23855072,,,,,
24076052,,,,,
24208071,,,,,
24415072,,,,,
24724052,,,,,
24729057,,,,,
24752052,,,,,
24771052,,,,,
25346075,,,,,
25392072,,,,,
25418072,,,,,
25547052,,,,,
25549081,,,,,
25606052,,,,,
26042072,,,,,
26206052,,,,,
26907071,,,,,
27026071,,,,,
27042071,,,,,
27868082,,,,,
28386082,,,,,
28753051,,,,,
28861051,,,,,
29432075,,,,,
29484075,,,,,
29489065,,,,,
29554082,,,,,
29651068,,,,,
29877051,,,,,
30072075,,,,,
31000053,,,,,
31017068,,,,,
31023053,,,,,
31369075,,,,,
31888075,,,,,
32064075,,,,,
32127072,,,,,
32609071,,,,,
32758082,,,,,
32862068,,,,,
33142084,,,,,
33457065,,,,,
33683082,,,,,
34240057,,,,,
34373082,,,,,
34390051,,,,,
34481071,,,,,
34531075,,,,,
34693082,,,,,
34916082,,,,,
34970058,,,,,
35131058,,,,,
35157058,,,,,
35386075,,,,,
35408065,,,,,
35620068,,,,,
35656068,,,,,
36870051,,,,,
37121068,,,,,
37148082,,,,,
37314082,,,,,
37378075,,,,,
37463082,,,,,
37563065,,,,,
37595075,,,,,
37816063,,,,,
37925072,,,,,
38209082,,,,,
38227071,,,,,
38380082,,,,,
38843063,,,,,
38996071,,,,,
39499072,,,,,
39585081,,,,,
40270072,,,,,
40346052,,,,,
40357075,,,,,
40502072,,,,,
40503075,,,,,
40601068,,,,,
41664000,,,,,
41786075,,,,,
42360065,,,,,
42468053,,,,,
42551058,,,,,
42627057,,,,,
42835082,,,,,
43117068,,,,,
44299051,,,,,
44302053,,,,,
44415071,,,,,
44621075,,,,,
44679071,,,,,
44687053,,,,,
44690071,,,,,
44844071,,,,,
44964068,,,,,
44987071,,,,,
45022068,,,,,
45116068,,,,,
45781071,,,,,
45933071,,,,,
45958068,,,,,
46136063,,,,,
46489068,,,,,
46803071,,,,,
46935068,,,,,
47036052,,,,,
47455000,,,,,
47489058,,,,,
48341071,,,,,
48458000,,,,,
49011063,,,,,
49178082,,,,,
49236071,,,,,
49318075,,,,,
49482065,,,,,
49792075,,,,,
49904075,,,,,
50205082,,,,,
50431075,,,,,
50452075,,,,,
50456075,,,,,
50558063,,,,,
50871075,,,,,
50873063,,,,,
50881063,,,,,
51791082,,,,,
51871051,,,,,
52366065,,,,,
52560084,,,,,
52660084,,,,,
52698084,,,,,
52757084,,,,,
53126075,,,,,
53204075,,,,,
53566071,,,,,
54246063,,,,,
54624000,,,,,
54727063,,,,,
55249057,,,,,
55462081,,,,,
55516068,,,,,
55704068,,,,,
55865068,,,,,
55918068,,,,,
55963068,,,,,
56002075,,,,,
56003068,,,,,
56008075,,,,,
56061065,,,,,
56555052,,,,,
56683068,,,,,
57461052,,,,,
57504081,,,,,
57553081,,,,,
57646068,,,,,
57897068,,,,,
58132068,,,,,
58160084,,,,,
58422063,,,,,
58826063,,,,,
59238052,,,,,
59566084,,,,,
60444051,,,,,
61122058,,,,,
61733051,,,,,
61767051,,,,,
62148068,,,,,
62388000,,,,,
62391063,,,,,
62478082,,,,,
62622068,,,,,
63173053,,,,,
63249053,,,,,
63308075,,,,,
63392084,,,,,
63538084,,,,,
63929063,,,,,
64305068,,,,,
64581065,,,,,
64960068,,,,,
64970071,,,,,
65001068,,,,,
65328075,,,,,
66088082,,,,,
66290068,,,,,
66392068,,,,,
66525071,,,,,
66583071,,,,,
66599068,,,,,
66673071,,,,,
66728068,,,,,
67474072,,,,,
67763071,,,,,
68399071,,,,,
68442071,,,,,
68538075,,,,,
68545075,,,,,
68605068,,,,,
69145082,,,,,
69604071,,,,,
69754071,,,,,
70031071,,,,,
70240075,,,,,
70340071,,,,,
70689075,,,,,
70832075,,,,,
70930000,,,,,
71116063,,,,,
71516053,,,,,
71586072,,,,,
71658068,,,,,
71661072,,,,,
71910084,,,,,
72232075,,,,,
72283075,,,,,
72392084,,,,,
72901068,,,,,
73146068,,,,,
73300071,,,,,
73511071,,,,,
73671068,,,,,
74173081,,,,,
74425065,,,,,
75002071,,,,,
75623068,,,,,
75752068,,,,,
75762068,,,,,
75903068,,,,,
75994068,,,,,
76306068,,,,,
76588071,,,,,
77388068,,,,,
77438068,,,,,
77768082,,,,,
77961071,,,,,
78016051,,,,,
78311051,,,,,
78453068,,,,,
78544063,,,,,
78811082,,,,,
79241071,,,,,
79429082,,,,,
79442071,,,,,
80217065,,,,,
80322065,,,,,
80659068,,,,,
81054075,,,,,
81955081,,,,,
82737068,,,,,
83211000,,,,,
85230075,,,,,
85282068,,,,,
85353068,,,,,
85645084,,,,,
86250068,,,,,
86908071,,,,,
86925068,,,,,
86928071,,,,,
87216071,,,,,
87511075,,,,,
87910082,,,,,
88179082,,,,,
88571071,,,,,
88850082,,,,,
89001082,,,,,
89985082,,,,,
89991063,,,,,
90188071,,,,,
90499084,,,,,
90768075,,,,,
90785075,,,,,
91242088,,,,,
91250071,,,,,
91465071,,,,,
91896075,,,,,
92241071,,,,,
93391072,,,,,
93447072,,,,,
93461072,,,,,
93902081,,,,,
94140063,,,,,
94724063,,,,,
94745063,,,,,
94800075,,,,,
94873063,,,,,
94878068,,,,,
94954075,,,,,
95139063,,,,,
95227063,,,,,
95282068,,,,,
95553082,,,,,
95586082,,,,,
95724063,,,,,
96135063,,,,,
96656063,,,,,
96689068,,,,,
96732082,,,,,
96753071,,,,,
96810063,,,,,
96890063,,,,,
96962081,,,,,
97140063,,,,,
97259063,,,,,
97273063,,,,,
97274063,,,,,
97283065,,,,,
97305063,,,,,
97663063,,,,,
97700000,,,,,
97867075,,,,,
98140068,,,,,
98355063,,,,,
98563071,,,,,
98943071,,,,,
98961071,,,,,
99065063,,,,,
99073071,,,,,
99131063,,,,,
99139063,,,,,
99345068,,,,,
99384071,,,,,
99414063,,,,,
99427071,,,,,
99596071,,,,,
99772063,,,,,
100091063,,,,,
100361068,,,,,
100500063,,,,,
100695063,,,,,
100773084,,,,,
100889063,,,,,
100924084,,,,,
101401075,,,,,
101745063,,,,,
101746063,,,,,
101892063,,,,,
102322063,,,,,
102535063,,,,,
103037063,,,,,
103069063,,,,,
103284063,,,,,
103409063,,,,,
103495063,,,,,
104118063,,,,,
104243065,,,,,
104365075,,,,,
104427063,,,,,
104436063,,,,,
104438053,,,,,
104490063,,,,,
104503063,,,,,
104536063,,,,,
104646063,,,,,
104796071,,,,,
105054065,,,,,
105125063,,,,,
105129063,,,,,
105180063,,,,,
105224063,,,,,
105253063,,,,,
105353063,,,,,
105387071,,,,,
105474071,,,,,
105541063,,,,,
105736063,,,,,
105788063,,,,,
105846071,,,,,
105932051,,,,,
105948051,,,,,
106008063,,,,,
106022075,,,,,
106192075,,,,,
106707084,,,,,
106708084,,,,,
106969065,,,,,
106971068,,,,,
107040063,,,,,
107200051,,,,,
107280075,,,,,
107289071,,,,,
107328063,,,,,
107540071,,,,,
108071063,,,,,
108187071,,,,,
108304063,,,,,
108431000,,,,,
108552063,,,,,
108662071,,,,,
108780071,,,,,
108811071,,,,,
109292075,,,,,
109422071,,,,,
109452057,,,,,
109485068,,,,,
109890081,,,,,
110020068,,,,,
110476063,,,,,
110890065,,,,,
111209082,,,,,
111446063,,,,,
111740063,,,,,
112362082,,,,,
113119075,,,,,
113311068,,,,,
113502075,,,,,
113617071,,,,,
113902075,,,,,
114202075,,,,,
114387075,,,,,
115005075,,,,,
115392057,,,,,
115438071,,,,,
115506068,,,,,
115654071,,,,,
115930068,,,,,
116367058,,,,,
116416072,,,,,
116467084,,,,,
116646084,,,,,
116665084,,,,,
117291065,,,,,
117623071,,,,,
117715065,,,,,
117716084,,,,,
117734071,,,,,
117753071,,,,,
117823071,,,,,
118480053,,,,,
118699071,,,,,
119192068,,,,,
119205071,,,,,
120025068,,,,,
120057068,,,,,
120533075,,,,,
120806084,,,,,
122680084,,,,,
124535053,,,,,
124969071,,,,,
125095053,,,,,
125351057,,,,,
125365071,,,,,
125423068,,,,,
125445068,,,,,
125525082,,,,,
126688071,,,,,
126777084,,,,,
127093084,,,,,
127127088,,,,,
127142088,,,,,
127170071,,,,,
127195088,,,,,
127623088,,,,,
127756088,,,,,
128162068,,,,,
128303053,,,,,
128323053,,,,,
128388068,,,,,
128466068,,,,,
128598088,,,,,
128622053,,,,,
128726082,,,,,
128742088,,,,,
128772088,,,,,
128796051,,,,,
129009088,,,,,
129042088,,,,,
129245088,,,,,
129564058,,,,,
129757000,,,,,
129916088,,,,,
130306088,,,,,
130556088,,,,,
130725088,,,,,
131103088,,,,,
131324088,,,,,
131479088,,,,,
132434088,,,,,
132595088,,,,,
132809088,,,,,
132822088,,,,,
132914088,,,,,
133089075,,,,,
133480088,,,,,
133501088,,,,,
133535088,,,,,
133650088,,,,,
133661088,,,,,
133879088,,,,,
134107088,,,,,
134451088,,,,,
134492088,,,,,
134770051,,,,,
134772051,,,,,
135012088,,,,,
135036071,,,,,
135080071,,,,,
135129081,,,,,
135148088,,,,,
135995071,,,,,
136020071,,,,,
136080088,,,,,
136370068,,,,,
136415068,,,,,
136432068,,,,,
136451088,,,,,
136559088,,,,,
136593088,,,,,
136796088,,,,,
137044068,,,,,
137615071,,,,,
138032088,,,,,
138048088,,,,,
138243081,,,,,
138463088,,,,,
138764082,,,,,
139098088,,,,,
139486088,,,,,
139592088,,,,,
139664084,,,,,
139668068,,,,,
139742088,,,,,
139787088,,,,,
140129000,,,,,
140179081,,,,,
140638088,,,,,
140697088,,,,,
140717088,,,,,
141346068,,,,,
141669088,,,,,
141686088,,,,,
141908088,,,,,
141980088,,,,,
142085088,,,,,
142118088,,,,,
142163088,,,,,
142209088,,,,,
142283088,,,,,
142784053,,,,,
142824088,,,,,
142896088,,,,,
142907088,,,,,
142943068,,,,,
142947068,,,,,
143040053,,,,,
143162088,,,,,
143872088,,,,,
143900068,,,,,
143910071,,,,,
144019088,,,,,
144059088,,,,,
144266088,,,,,
144292088,,,,,
144375088,,,,,
144468082,,,,,
144509082,,,,,
144575088,,,,,
144636068,,,,,
144733088,,,,,
145708071,,,,,
146177053,,,,,
146713057,,,,,
146836088,,,,,
146856082,,,,,
148195053,,,,,
148454071,,,,,
148866000,,,,,
149246053,,,,,
149456053,,,,,
149564053,,,,,
150849068,,,,,
150918068,,,,,
151376088,,,,,
151945088,,,,,
151947084,,,,,
152019068,,,,,
152077084,,,,,
152753068,,,,,
152903071,,,,,
153153058,,,,,
153704071,,,,,
153820051,,,,,
153884081,,,,,
155049068,,,,,
155458065,,,,,
155465065,,,,,
155699068,,,,,
155897068,,,,,
155904068,,,,,
155956068,,,,,
156064068,,,,,
156132051,,,,,
156185051,,,,,
156680051,,,,,
156683068,,,,,
157227071,,,,,
157277071,,,,,
157280051,,,,,
157444051,,,,,
157564051,,,,,
157638051,,,,,
157774051,,,,,
158411051,,,,,
158464051,,,,,
158568051,,,,,
158641065,,,,,
158642065,,,,,
158699068,,,,,
158717071,,,,,
158730051,,,,,
158742068,,,,,
158816068,,,,,
158822068,,,,,
158898051,,,,,
158942068,,,,,
159021051,,,,,
159105051,,,,,
159196068,,,,,
159256072,,,,,
159365058,,,,,
159383068,,,,,
159443058,,,,,
159491000,,,,,
159691051,,,,,
159704051,,,,,
159757058,,,,,
159762058,,,,,
159766068,,,,,
159891084,,,,,
159909051,,,,,
160026053,,,,,
160332053,,,,,
160449058,,,,,
160457058,,,,,
160761058,,,,,
160828053,,,,,
160915053,,,,,
161265065,,,,,
161349051,,,,,
161352058,,,,,
161642075,,,,,
161674058,,,,,
161697058,,,,,
161799053,,,,,
161842058,,,,,
161923065,,,,,
161946058,,,,,
162006058,,,,,
162101058,,,,,
162110068,,,,,
162161058,,,,,
162334058,,,,,
162346058,,,,,
162347058,,,,,
162454058,,,,,
162748058,,,,,
162814058,,,,,
162826058,,,,,
162866058,,,,,
162918058,,,,,
162943058,,,,,
162977058,,,,,
162980058,,,,,
163122068,,,,,
163229058,,,,,
163367058,,,,,
163517058,,,,,
163762058,,,,,
163814058,,,,,
163895058,,,,,
164113058,,,,,
164168065,,,,,
164254058,,,,,
164410058,,,,,
164442058,,,,,
164647058,,,,,
164648058,,,,,
164661058,,,,,
164701058,,,,,
164715058,,,,,
164733058,,,,,
164735058,,,,,
164863058,,,,,
164965058,,,,,
164965082,,,,,
165061058,,,,,
165153058,,,,,
165346072,,,,,
165678075,,,,,
165707082,,,,,
165740058,,,,,
165761058,,,,,
165872053,,,,,
165924058,,,,,
165993058,,,,,
165997075,,,,,
166012058,,,,,
166054058,,,,,
166062058,,,,,
166165058,,,,,
166470058,,,,,
166484058,,,,,
166489075,,,,,
166509075,,,,,
166607075,,,,,
166645058,,,,,
166714058,,,,,
166892058,,,,,
166912058,,,,,
167175058,,,,,
167197058,,,,,
167241058,,,,,
167288058,,,,,
167431075,,,,,
167434058,,,,,
167438058,,,,,
167439075,,,,,
167673058,,,,,
167869058,,,,,
168006071,,,,,
168007058,,,,,
168014058,,,,,
168042058,,,,,
168163075,,,,,
168314075,,,,,
168319075,,,,,
168626058,,,,,
168858058,,,,,
168967058,,,,,
169073058,,,,,
169210058,,,,,
169259058,,,,,
169631058,,,,,
169738058,,,,,
169756058,,,,,
169759058,,,,,
169782058,,,,,
169965084,,,,,
170280058,,,,,
170497058,,,,,
170705058,,,,,
170947058,,,,,
170992058,,,,,
171276058,,,,,
171618058,,,,,
171818058,,,,,
171934058,,,,,
172060058,,,,,
172144058,,,,,
172379075,,,,,
172419075,,,,,
173195075,,,,,
173259057,,,,,
173405075,,,,,
175070075,,,,,
175672088,,,,,
175893071,,,,,
176983072,,,,,
177628075,,,,,
178060063,,,,,
178062063,,,,,
178248075,,,,,
178267063,,,,,
178667072,,,,,
178720063,,,,,
178797075,,,,,
178862063,,,,,
178933072,,,,,
179018072,,,,,
179139072,,,,,
179187081,,,,,
179225071,,,,,
179508072,,,,,
179604072,,,,,
179644053,,,,,
179682081,,,,,
180117071,,,,,
180449072,,,,,
180573071,,,,,
180585065,,,,,
180591065,,,,,
180592065,,,,,
180633065,,,,,
180639065,,,,,
180653063,,,,,
180683065,,,,,
180688065,,,,,
180717065,,,,,
180769065,,,,,
181047065,,,,,
181096071,,,,,
181338065,,,,,
181349065,,,,,
181464058,,,,,
181509084,,,,,
181709071,,,,,
181776058,,,,,
181824057,,,,,
181872058,,,,,
182042065,,,,,
182175057,,,,,
182184071,,,,,
182256071,,,,,
182268053,,,,,
182313071,,,,,
182393084,,,,,
182425084,,,,,
182441084,,,,,
182483065,,,,,
182502084,,,,,
182548057,,,,,
182671065,,,,,
182675065,,,,,
182689057,,,,,
182762065,,,,,
182775065,,,,,
182783057,,,,,
182807084,,,,,
182820071,,,,,
182831057,,,,,
182835057,,,,,
182842057,,,,,
182923084,,,,,
182977057,,,,,
182988057,,,,,
183027057,,,,,
183064075,,,,,
183069057,,,,,
183123065,,,,,
183125065,,,,,
183151057,,,,,
183167075,,,,,
183256065,,,,,
183284057,,,,,
183286071,,,,,
183298058,,,,,
183388084,,,,,
183431057,,,,,
183507065,,,,,
183518065,,,,,
183824071,,,,,
183849065,,,,,
183972065,,,,,
184105088,,,,,
184106088,,,,,
184107088,,,,,
184157057,,,,,
184209057,,,,,
184224057,,,,,
184385057,,,,,
184392084,,,,,
184668057,,,,,
184680057,,,,,
184684057,,,,,
184763084,,,,,
185144057,,,,,
185153084,,,,,
185225084,,,,,
185237063,,,,,
185319084,,,,,
185329084,,,,,
185412084,,,,,
185450084,,,,,
185456057,,,,,
185574071,,,,,
185635084,,,,,
185659071,,,,,
185770053,,,,,
185775075,,,,,
185779053,,,,,
185844075,,,,,
185925057,,,,,
185936084,,,,,
186018057,,,,,
186056057,,,,,
186129084,,,,,
186227084,,,,,
186254084,,,,,
186582057,,,,,
186590053,,,,,
186610053,,,,,
186858065,,,,,
186907057,,,,,
186909057,,,,,
186910057,,,,,
187047057,,,,,
187134053,,,,,
187170053,,,,,
187200084,,,,,
187322057,,,,,
187411057,,,,,
187543072,,,,,
187588084,,,,,
187630057,,,,,
187643053,,,,,
187788084,,,,,
187826084,,,,,
187841084,,,,,
187892084,,,,,
187936053,,,,,
188179053,,,,,
188335053,,,,,
188363053,,,,,
188529053,,,,,
188554075,,,,,
188794053,,,,,
189354053,,,,,
189481053,,,,,
189749053,,,,,
189814057,,,,,
189888053,,,,,
189977053,,,,,
190067053,,,,,
190105053,,,,,
190109053,,,,,
190335075,,,,,
190338084,,,,,
190394053,,,,,
190450072,,,,,
190454075,,,,,
190483053,,,,,
190501053,,,,,
190523053,,,,,
190575053,,,,,
190642088,,,,,
190829000,,,,,
190963053,,,,,
190987088,,,,,
191267053,,,,,
191412057,,,,,
191476057,,,,,
191821057,,,,,
191822057,,,,,
191823057,,,,,
191936053,,,,,
192003088,,,,,
192019057,,,,,
192045053,,,,,
192064053,,,,,
192112088,,,,,
192336053,,,,,
192559088,,,,,
193226053,,,,,
193772053,,,,,
194478053,,,,,
194721053,,,,,
194782075,,,,,
194799075,,,,,
194919053,,,,,
195409053,,,,,
195528053,,,,,
195962075,,,,,
196369072,,,,,
196762000,,,,,
196971068,,,,,
197628088,,,,,
197673075,,,,,
197680075,,,,,
197982063,,,,,
198232063,,,,,
198496072,,,,,
198892075,,,,,
199115075,,,,,
199356075,,,,,
200903075,,,,,
200944063,,,,,
201618075,,,,,
201653075,,,,,
201867084,,,,,
202360057,,,,,
202363057,,,,,
203953075,,,,,
205615072,,,,,
206491057,,,,,
207796088,,,,,
208401072,,,,,
208851063,,,,,
209291063,,,,,
209309075,,,,,
210255075,,,,,
211154088,,,,,
211521075,,,,,
211992081,,,,,
212198051,,,,,
212330081,,,,,
212418081,,,,,
212463063,,,,,
212942051,,,,,
212943051,,,,,
212944051,,,,,
213261081,,,,,
214059081,,,,,
214173081,,,,,
215111088,,,,,
215260088,,,,,
215327075,,,,,
215335075,,,,,
215680000,,,,,
215735084,,,,,
215771081,,,,,
216093081,,,,,
216422075,,,,,
216426084,,,,,
216432084,,,,,
217204081,,,,,
217525081,,,,,
217534081,,,,,
217671081,,,,,
217886072,,,,,
217958072,,,,,
217959072,,,,,
218040072,,,,,
218232072,,,,,
218268072,,,,,
218351072,,,,,
218523081,,,,,
218813057,,,,,
218923072,,,,,
220276082,,,,,
220425088,,,,,
220549082,,,,,
220608082,,,,,
220738000,,,,,
220828082,,,,,
220944082,,,,,
221115082,,,,,
221189082,,,,,
221289082,,,,,
221292082,,,,,
221313000,,,,,
221448082,,,,,
221464082,,,,,
221473082,,,,,
221477082,,,,,
221547058,,,,,
221574075,,,,,
221679075,,,,,
221759063,,,,,
221829082,,,,,
221964082,,,,,
222070082,,,,,
222077082,,,,,
222130082,,,,,
222235082,,,,,
222257072,,,,,
222271082,,,,,
222359082,,,,,
222400072,,,,,
222432082,,,,,
222440082,,,,,
222596082,,,,,
222694082,,,,,
222702082,,,,,
222859082,,,,,
222894081,,,,,
222904081,,,,,
222992082,,,,,
223233088,,,,,
223745072,,,,,
224207063,,,,,
224217063,,,,,
224284063,,,,,
224870075,,,,,
224990082,,,,,
225041082,,,,,
225103058,,,,,
226320082,,,,,
226510058,,,,,
226540075,,,,,
226819088,,,,,
226825075,,,,,
227005081,,,,,
227073051,,,,,
227369051,,,,,
227604051,,,,,
228061072,,,,,
228135051,,,,,
228328082,,,,,
228532088,,,,,
228606051,,,,,
229078075,,,,,
229538088,,,,,
229567057,,,,,
229621088,,,,,
229859075,,,,,
229908088,,,,,
230296051,,,,,
230805058,,,,,
230960075,,,,,
231276088,,,,,
231563058,,,,,
233327058,,,,,
234113072,,,,,
234322072,,,,,
234340072,,,,,
234407072,,,,,
234528072,,,,,
234673075,,,,,
234908072,,,,,
235070072,,,,,
235215088,,,,,
235266058,,,,,
235277072,,,,,
236346000,,,,,
236351081,,,,,
236360081,,,,,
236449057,,,,,
236523071,,,,,
236556072,,,,,
236616072,,,,,
236623072,,,,,
237231081,,,,,
237832000,,,,,
238785075,,,,,
238894075,,,,,
238970088,,,,,
240556072,,,,,
240557072,,,,,
240687071,,,,,
241504088,,,,,
241680058,,,,,
242385084,,,,,
243685088,,,,,
244032075,,,,,
244051071,,,,,
244181075,,,,,
245505000,,,,,
245554075,,,,,
245642058,,,,,
245654081,,,,,
245720088,,,,,
245726075,,,,,
246443084,,,,,
247048071,,,,,
247765071,,,,,
248873084,,,,,
248921088,,,,,
249128075,,,,,
249355088,,,,,
249358075,,,,,
249802075,,,,,
249961071,,,,,
250694084,,,,,
250898057,,,,,
251356071,,,,,
252249088,,,,,
252282088,,,,,
252974075,,,,,
254380057,,,,,
254825068,,,,,
254883068,,,,,
255490057,,,,,
255569071,,,,,
255817058,,,,,
256105084,,,,,
256397084,,,,,
256754088,,,,,
256763088,,,,,
256921075,,,,,
256994088,,,,,
257041075,,,,,
258257075,,,,,
259012088,,,,,
259365058,,,,,
259452071,,,,,
259523071,,,,,
259595071,,,,,
260657075,,,,,
261140071,,,,,
261530084,,,,,
262842088,,,,,
264052075,,,,,
264057075,,,,,
264188075,,,,,
265164088,,,,,
265458075,,,,,
265536075,,,,,
265613000,,,,,
266008088,,,,,
266274000,,,,,
266298068,,,,,
266309068,,,,,
266459075,,,,,
266500075,,,,,
266555088,,,,,
266811075,,,,,
266896075,,,,,
266920088,,,,,
266993000,,,,,
267052088,,,,,
267072084,,,,,
267108084,,,,,
267472088,,,,,
267771071,,,,,
267832075,,,,,
267838075,,,,,
267937075,,,,,
267966068,,,,,
270088075,,,,,
270321084,,,,,
270990000,,,,,
271535068,,,,,
271795084,,,,,
271856084,,,,,
273140084,,,,,
273478084,,,,,
273704084,,,,,
273741068,,,,,
273756088,,,,,
273939088,,,,,
275275068,,,,,
276360071,,,,,
276492084,,,,,
276703088,,,,,
278327088,,,,,
278669084,,,,,
279262084,,,,,
281091068,,,,,
281096084,,,,,
281227088,,,,,
282312053,,,,,
282427088,,,,,
282515088,,,,,
282683084,,,,,
283388053,,,,,
284360082,,,,,
284706071,,,,,
284726088,,,,,
284857084,,,,,
285095071,,,,,
285964071,,,,,
288310084,,,,,
288497071,,,,,
288826084,,,,,
289791071,,,,,
290283084,,,,,
290478088,,,,,
290633071,,,,,
291185071,,,,,
291537072,,,,,
291968088,,,,,
292054071,,,,,
292723084,,,,,
293069084,,,,,
294009088,,,,,
294018088,,,,,
294019088,,,,,
294057084,,,,,
294569084,,,,,
294669084,,,,,
294727084,,,,,
295067088,,,,,
295610084,,,,,
296008084,,,,,
296362000,,,,,
296758084,,,,,
296848053,,,,,
296856053,,,,,
297789088,,,,,
297867084,,,,,
297899084,,,,,
298745084,,,,,
299826068,,,,,
300703071,,,,,
301472084,,,,,
301621053,,,,,
302830071,,,,,
302863071,,,,,
302896084,,,,,
302965071,,,,,
302993084,,,,,
302996071,,,,,
303144071,,,,,
303202071,,,,,
303264071,,,,,
305688088,,,,,
310300071,,,,,
311137071,,,,,
312113075,,,,,
315400088,,,,,
316825000,,,,,
317016088,,,,,
318037053,,,,,
318386053,,,,,
318810088,,,,,
318884088,,,,,
318902071,,,,,
319826081,,,,,
319851081,,,,,
321649071,,,,,
322158071,,,,,
322170053,,,,,
322720075,,,,,
324949071,,,,,
325302071,,,,,
326949000,,,,,
330245071,,,,,
330727071,,,,,
331025084,,,,,
331046084,,,,,
331395088,,,,,
332048088,,,,,
332410088,,,,,
332711088,,,,,
332759082,,,,,
334573071,,,,,
335059088,,,,,
335632088,,,,,
336670081,,,,,
338843081,,,,,
338928081,,,,,
339299081,,,,,
339763075,,,,,
340006082,,,,,
340035081,,,,,
340070081,,,,,
340345082,,,,,
340601075,,,,,
340774075,,,,,
341103081,,,,,
342536075,,,,,
344009084,,,,,
344737000,,,,,
345651053,,,,,
345654000,,,,,
345725000,,,,,
346220082,,,,,
347489053,,,,,
347581075,,,,,
347919084,,,,,
347968084,,,,,
348272084,,,,,
348782081,,,,,
349233084,,,,,
349480084,,,,,
349784081,,,,,
350409053,,,,,
350933084,,,,,
351530000,,,,,
352299082,,,,,
353158053,,,,,
353354082,,,,,
354006084,,,,,
355014084,,,,,
355163082,,,,,
355269084,,,,,
356690053,,,,,
356757084,,,,,
357305075,,,,,
357535084,,,,,
358336084,,,,,
358665075,,,,,
359036053,,,,,
359078081,,,,,
359239084,,,,,
359642000,,,,,
359672000,,,,,
359733084,,,,,
360286000,,,,,
360458075,,,,,
361833088,,,,,
362088075,,,,,
362336075,,,,,
362446075,,,,,
362506075,,,,,
362651075,,,,,
362720075,,,,,
362984075,,,,,
362988075,,,,,
363086088,,,,,
366880081,,,,,
369986053,,,,,
370744053,,,,,
371185081,,,,,
372208081,,,,,
372481065,,,,,
376668065,,,,,
377197081,,,,,
377212081,,,,,
377214081,,,,,
377216081,,,,,
377221081,,,,,
377267081,,,,,
377330081,,,,,
377350081,,,,,
377438081,,,,,
377523081,,,,,
377681081,,,,,
377683081,,,,,
377726081,,,,,
378078081,,,,,
378285081,,,,,
378635081,,,,,
378666081,,,,,
378667081,,,,,
378712081,,,,,
378750081,,,,,
378756081,,,,,
378775081,,,,,
378787081,,,,,
379106053,,,,,
379171081,,,,,
381219065,,,,,
381377081,,,,,
381752081,,,,,
382145065,,,,,
382157081,,,,,
382242081,,,,,
382366081,,,,,
382588081,,,,,
382792084,,,,,
382826084,,,,,
383980081,,,,,
384108084,,,,,
384618000,,,,,
385963084,,,,,
386060084,,,,,
386124053,,,,,
386278081,,,,,
386279081,,,,,
387434084,,,,,
387437084,,,,,
387805088,,,,,
387902084,,,,,
387962084,,,,,
388118084,,,,,
388191084,,,,,
389174065,,,,,
396664084,,,,,
398256065,,,,,
398828065,,,,,
399111065,,,,,
399529088,,,,,
399593065,,,,,
401216065,,,,,
401813065,,,,,
402080065,,,,,
402263065,,,,,
402592065,,,,,
403846065,,,,,
404734053,,,,,
405639053,,,,,
405739053,,,,,
405924053,,,,,
406017053,,,,,
406046053,,,,,
406497053,,,,,
406762053,,,,,
406925053,,,,,
406945053,,,,,
406991053,,,,,
407438065,,,,,
407439053,,,,,
408691053,,,,,
409403053,,,,,
409509053,,,,,
410600088,,,,,
411503053,,,,,
412269084,,,,,
416393071,,,,,
416497071,,,,,
417127071,,,,,
417271071,,,,,
417350071,,,,,
417465071,,,,,
417708071,,,,,
418706071,,,,,
418727071,,,,,
420247053,,,,,
424147000,,,,,
424721088,,,,,
424725088,,,,,
425090088,,,,,
425105088,,,,,
425106088,,,,,
425114088,,,,,
425380088,,,,,
425493088,,,,,
425496088,,,,,
425498088,,,,,
425687088,,,,,
425704088,,,,,
425733088,,,,,
427362088,,,,,
431116088,,,,,
431342088,,,,,
434610065,,,,,
434806081,,,,,
435625081,,,,,
435626081,,,,,
435627081,,,,,
436081081,,,,,
437413065,,,,,
439988081,,,,,
440362071,,,,,
442820053,,,,,
442879053,,,,,
442917053,,,,,
443145072,,,,,
443168072,,,,,
443238053,,,,,
443239053,,,,,
443246053,,,,,
443247053,,,,,
443248053,,,,,
443443053,,,,,
443474072,,,,,
443685072,,,,,
443805072,,,,,
443901072,,,,,
443962072,,,,,
444120072,,,,,
444234072,,,,,
444287072,,,,,
444394072,,,,,
444420072,,,,,
444561072,,,,,
444566072,,,,,
444631081,,,,,
444658072,,,,,
444868072,,,,,
444948072,,,,,
445282072,,,,,
445529053,,,,,
445631072,,,,,
445704072,,,,,
445705072,,,,,
446084053,,,,,
446132072,,,,,
446252081,,,,,
446262072,,,,,
446459072,,,,,
446663072,,,,,
446857072,,,,,
446894081,,,,,
447008072,,,,,
447042072,,,,,
447185081,,,,,
447429081,,,,,
447800072,,,,,
447924072,,,,,
448086072,,,,,
448172053,,,,,
448227072,,,,,
448228072,,,,,
448388000,,,,,
448554072,,,,,
448634053,,,,,
448835072,,,,,
448966000,,,,,
449324072,,,,,
449329072,,,,,
449472072,,,,,
449479072,,,,,
449607072,,,,,
449795072,,,,,
449824072,,,,,
450061072,,,,,
450597072,,,,,
452617081,,,,,
452981053,,,,,
453593071,,,,,
453594071,,,,,
454876065,,,,,
455839072,,,,,
457586053,,,,,
460238081,,,,,
460878081,,,,,
461709081,,,,,
461719081,,,,,
463305065,,,,,
469116053,,,,,
472040000,,,,,
475375084,,,,,
475539053,,,,,
476189071,,,,,
477010053,,,,,
477546071,,,,,
477667084,,,,,
477790084,,,,,
478514071,,,,,
483920084,,,,,
484166071,,,,,
485106084,,,,,
486148084,,,,,
488415084,,,,,
488751071,,,,,
488949084,,,,,
489019084,,,,,
489987084,,,,,
490701084,,,,,
490937084,,,,,
490951084,,,,,
492738071,,,,,
494237084,,,,,
496176084,,,,,
497624071,,,,,
497842084,,,,,
498555084,,,,,
499125084,,,,,
499653084,,,,,
501523071,,,,,
501825071,,,,,
504618084,,,,,
507215084,,,,,
508565084,,,,,
532172084,,,,,
532221084,,,,,
535573084,,,,,
537033000,,,,,
537539084,,,,,
537805000,,,,,
537807084,,,,,
538119084,,,,,
538575084,,,,,
540545084,,,,,
540815072,,,,,
541884084,,,,,
545464084,,,,,
547239084,,,,,
549674084,,,,,
556965065,,,,,
558349065,,,,,
559505065,,,,,
559983065,,,,,
560852065,,,,,
560892084,,,,,
561661065,,,,,
561670065,,,,,
562082065,,,,,
562861065,,,,,
562869065,,,,,
562877065,,,,,
563242065,,,,,
564360065,,,,,
564975065,,,,,
566582065,,,,,
567470065,,,,,
568056084,,,,,
569131065,,,,,
571231084,,,,,
571697065,,,,,
571744000,,,,,
573538065,,,,,
576662065,,,,,
579268000,,,,,
581139065,,,,,
583241065,,,,,
583242065,,,,,
583250065,,,,,
583564065,,,,,
583689065,,,,,
584047065,,,,,
584048065,,,,,
584051065,,,,,
585246065,,,,,
586923065,,,,,
587531065,,,,,
588059065,,,,,
588079065,,,,,
588876065,,,,,
588877065,,,,,
594686084,,,,,
594855084,,,,,
597327084,,,,,
600148084,,,,,
600770000,,,,,
602051000,,,,,
603684000,,,,,
610238084,,,,,
611084084,,,,,
611110084,,,,,
615865084,,,,,
617327000,,,,,
618745084,,,,,
620529084,,,,,
620786084,,,,,
622521084,,,,,
622522084,,,,,
623873084,,,,,
624225084,,,,,
625533084,,,,,
625955084,,,,,
626086084,,,,,
633905000,,,,,
633915000,,,,,
634758000,,,,,
646200082,,,,,
646208082,,,,,
648492000,,,,,
650066082,,,,,
651346082,,,,,
654192000,,,,,
658791072,,,,,
659195072,,,,,
659353072,,,,,
659430072,,,,,
660424072,,,,,
660425072,,,,,
660601072,,,,,
661015072,,,,,
661107072,,,,,
661219072,,,,,
661256072,,,,,
661278072,,,,,
661357072,,,,,
661536072,,,,,
661641072,,,,,
661680072,,,,,
662504072,,,,,
662723072,,,,,
663017072,,,,,
663091072,,,,,
670858000,,,,,
671229000,,,,,
671905000,,,,,
674996000,,,,,
680608000,,,,,
680853000,,,,,
688317000,,,,,
689505072,,,,,
699199000,,,,,
730052000,,,,,
730757072,,,,,
731687072,,,,,
736392000,,,,,
737079072,,,,,
737081072,,,,,
737082072,,,,,
737083072,,,,,
738936072,,,,,
739123072,,,,,
739744072,,,,,
740111072,,,,,
740121072,,,,,
741267072,,,,,
742222072,,,,,
742356072,,,,,
742767072,,,,,
743588072,,,,,
746690072,,,,,
748382072,,,,,
750244072,,,,,
750966072,,,,,
755074072,,,,,
757189072,,,,,
759552000,,,,,
762253072,,,,,
764505072,,,,,
764672072,,,,,
764968072,,,,,
765464072,,,,,
765821072,,,,,
766310072,,,,,
767680072,,,,,
802292000,,,,,
832416000,,,,,
833163000,,,,,
837170000,,,,,
837179000,,,,,
849898000,,,,,
860660000,,,,,
866281000,,,,,
931579000,,,,,
934592000,,,,,
989389000,,,,,
989907000,,,,,
1018276000,,,,,
1035832000,,,,,
1086117000,,,,,
1090534000,,,,,
1115571000,,,,,
1125106000,,,,,
1131468000,,,,,
1137138000,,,,,
1178686000,,,,,
1211377000,,,,,
1260820000,,,,,
1295478000,,,,,
1295563000,,,,,
1310258000,,,,,
1323521000,,,,,
1332627000,,,,,
1391529000,,,,,
1403220000,,,,,
1414714000,,,,,
1415734000,,,,,
1416833000,,,,,
1420717000,,,,,
1420806000,,,,,
1447293000,,,,,
1455845000,,,,,
1456331000,,,,,
1520832000,,,,,
1529989000,,,,,
1538385000,,,,,
1544235000,,,,,
1549433000,,,,,
1554801000,,,,,
1557528000,,,,,
1561591000,,,,,
1562728000,,,,,
1595668000,,,,,
1618267000,,,,,
1633774000,,,,,
1636064000,,,,,
1642130000,,,,,
1642867000,,,,,
1648042000,,,,,
1659355000,,,,,
1668196000,,,,,
1669634000,,,,,
1670430000,,,,,
1671946000,,,,,
1699751000,,,,,
1700485000,,,,,
1701804000,,,,,
1726896000,,,,,
1731987000,,,,,
1766809000,,,,,
1784631000,,,,,
1804560000,,,,,
1824890000,,,,,
1833671000,,,,,
1839264000,,,,,
1839940000,,,,,
1841272000,,,,,
1921094000,,,,,
1936519000,,,,,
1953588000,,,,,
1953741000,,,,,
1955831000,,,,,
1990265000,,,,,
1994529000,,,,,
2005707000,,,,,
2016422000,,,,,
2045056000,,,,,
2076074000,,,,,
2079550000,,,,,
2080944000,,,,,
2082661000,,,,,
2085250000,,,,,
2100572000,,,,,
2100684000,,,,,
2100693000,,,,,
2108686000,,,,,
2111504000,,,,,
2112177000,,,,,
2119880000,,,,,
2119882000,,,,,
2119883000,,,,,
2145016000,,,,,
2147635000,,,,,
2150856000,,,,,
2161361000,,,,,
2162367000,,,,,
2166525000,,,,,
2174471000,,,,,
2191486000,,,,,
2196985000,,,,,
2197592000,,,,,
2202860000,,,,,
2209255000,,,,,
2215415000,,,,,
2247056000,,,,,
2267846000,,,,,
2285924000,,,,,
2290027000,,,,,
2290710000,,,,,
2299430000,,,,,
2299456000,,,,,
2311232000,,,,,
2313976000,,,,,
2340567000,,,,,
2347968000,,,,,
2348795000,,,,,
2349280000,,,,,
2349798000,,,,,
2350241000,,,,,
2371779000,,,,,
2373421000,,,,,
2374153000,,,,,
2376333000,,,,,
2379852000,,,,,
2380125000,,,,,
2381357000,,,,,
2394323000,,,,,
2424249000,,,,,
2445829000,,,,,
2501285000,,,,,
2530363000,,,,,
2533969000,,,,,
2604690000,,,,,
2609254000,,,,,
2610841000,,,,,
2613990000,,,,,
2615176000,,,,,
2626191000,,,,,
2626953000,,,,,
2628677000,,,,,
2639657000,,,,,
2643859000,,,,,
2650716000,,,,,
2651763000,,,,,
2670510000,,,,,
2671269000,,,,,
2706757000,,,,,
2715169000,,,,,
2723034000,,,,,
2736329000,,,,,
2740872000,,,,,
2747692000,,,,,
2752326000,,,,,
2759045000,,,,,
2759479000,,,,,
2762912000,,,,,
2802519000,,,,,
2817956000,,,,,
2827659000,,,,,
2834982000,,,,,
2844878000,,,,,
2852990000,,,,,
2853069000,,,,,
2855360000,,,,,
2858812000,,,,,
2870694000,,,,,
2877567000,,,,,
2894311000,,,,,
2898300000,,,,,
2907113000,,,,,
2916872000,,,,,
2934325000,,,,,
2935547000,,,,,
2937471000,,,,,
2952154000,,,,,
2957563000,,,,,
2962487000,,,,,
2962488000,,,,,
2991228000,,,,,
3022831000,,,,,
3023753000,,,,,
3037988000,,,,,
3045991000,,,,,
3054563000,,,,,
3079501000,,,,,
3084266000,,,,,
3110361000,,,,,
3110708000,,,,,
3130882000,,,,,
3135730000,,,,,
3152408000,,,,,
3198750000,,,,,
3228272000,,,,,
3230963000,,,,,
3236743000,,,,,
3243457000,,,,,
3248594000,,,,,
3258005000,,,,,
3261643000,,,,,
3285998000,,,,,
3306761000,,,,,
3323406000,,,,,
3335884000,,,,,
3336797000,,,,,
3337392000,,,,,
3340909000,,,,,
3341035000,,,,,
3345064000,,,,,
3390451000,,,,,
3393607000,,,,,
3396124000,,,,,
3397998000,,,,,
3399515000,,,,,
3400091000,,,,,
3401479000,,,,,
3404430000,,,,,
3425322000,,,,,
3430016000,,,,,
3430669000,,,,,
3432998000,,,,,
3443675000,,,,,
3452794000,,,,,
3453126000,,,,,
3457077000,,,,,
3504644000,,,,,
3506686000,,,,,
3519098000,,,,,
3564711000,,,,,
3576624000,,,,,
3595164000,,,,,
3623823000,,,,,
3633539000,,,,,
3636975000,,,,,
3684552000,,,,,
3691278000,,,,,
3694884000,,,,,
3706697000,,,,,
3723249000,,,,,
3737838000,,,,,
3770209000,,,,,
3774635000,,,,,
3780682000,,,,,
3790941000,,,,,
3847835000,,,,,
3852624000,,,,,
3857933000,,,,,
3879364000,,,,,
3924247000,,,,,
3968601000,,,,,
3974312000,,,,,
4000040000,,,,,
4004478000,,,,,
4015299000,,,,,
4019844000,,,,,
4023339000,,,,,
4041774000,,,,,
4044820000,,,,,
4063120000,,,,,
4073731000,,,,,
4074053000,,,,,
4077673000,,,,,
4128487000,,,,,
4191062000,,,,,
4206372000,,,,,
4219126000,,,,,
4220360000,,,,,
4226319000,,,,,
4231668000,,,,,
4236716000,,,,,
4250411000,,,,,
4252025000,,,,,
4260202000,,,,,
4279110000,,,,,
4293273000,,,,,
4325970000,,,,,
4330320000,,,,,
4334211000,,,,,
4334297000,,,,,
4346166000,,,,,
4350783000,,,,,
4357131000,,,,,
4364987000,,,,,
4413782000,,,,,
4423181000,,,,,
4477156000,,,,,
4500798000,,,,,
4506021000,,,,,
4507364000,,,,,
4510599000,,,,,
4511821000,,,,,
4515951000,,,,,
4516270000,,,,,
4522065000,,,,,
4527048000,,,,,
4535127000,,,,,
4538000000,,,,,
4545917000,,,,,
4552015000,,,,,
4557364000,,,,,
4595697000,,,,,
4600446000,,,,,
4609547000,,,,,
4633454000,,,,,
4659683000,,,,,
4660934000,,,,,
4710662000,,,,,
4749009000,,,,,
4790201000,,,,,
4854611000,,,,,
4939293000,,,,,
4940055000,,,,,
4940059000,,,,,
4944864000,,,,,
4964154000,,,,,
4982271000,,,,,
4982867000,,,,,
4992133000,,,,,
5007408000,,,,,
5016840000,,,,,
5025154000,,,,,
5033248000,,,,,
5063881000,,,,,
5092503000,,,,,
5141301000,,,,,
5217466000,,,,,
5221293000,,,,,
5231959000,,,,,
5238637000,,,,,
5245033000,,,,,
5246714000,,,,,
5275635000,,,,,
5289946000,,,,,
5294096000,,,,,
5316286000,,,,,
5327024000,,,,,
5338056000,,,,,
5339004000,,,,,
5339556000,,,,,
5340135000,,,,,
5340290000,,,,,
5341246000,,,,,
5341856000,,,,,
5374862000,,,,,
5383098000,,,,,
5428878000,,,,,
5429036000,,,,,
5432283000,,,,,
5441250000,,,,,
5443685000,,,,,
5455730000,,,,,
5495034000,,,,,
5499311000,,,,,
5517218000,,,,,
5517364000,,,,,
5518548000,,,,,
5523132000,,,,,
5524095000,,,,,
5525412000,,,,,
5558961000,,,,,
5566411000,,,,,
5589826000,,,,,
5599642000,,,,,
5602101000,,,,,
5629787000,,,,,
5638164000,,,,,
5646050000,,,,,
5652921000,,,,,
5669631000,,,,,
5705469000,,,,,
5728847000,,,,,
5750426000,,,,,
5797956000,,,,,
5813332000,,,,,
5820886000,,,,,
5848383000,,,,,
5857252000,,,,,
5868488000,,,,,
5876621000,,,,,
5937577000,,,,,
5966028000,,,,,
6016638000,,,,,
6029910000,,,,,
6037299000,,,,,
6055759000,,,,,
6087688000,,,,,
6088619000,,,,,
6094182000,,,,,
6094370000,,,,,
6099910000,,,,,
6100472000,,,,,
6107558000,,,,,
6120178000,,,,,
6121301000,,,,,
6124909000,,,,,
6129882000,,,,,
6132671000,,,,,
6148233000,,,,,
6223442000,,,,,
6235490000,,,,,
6250472000,,,,,
6250695000,,,,,
6259359000,,,,,
6262031000,,,,,
6262044000,,,,,
6277283000,,,,,
6282255000,,,,,
6284970000,,,,,
6316080000,,,,,
6338766000,,,,,
6379574000,,,,,
6403143000,,,,,
6406451000,,,,,
6418341000,,,,,
6427158000,,,,,
6432573000,,,,,
6436385000,,,,,
6437263000,,,,,
6459325000,,,,,
6466708000,,,,,
6473021000,,,,,
6483280000,,,,,
6508946000,,,,,
6549023000,,,,,
6589859000,,,,,
6601690000,,,,,
6614985000,,,,,
6620333000,,,,,
6646067000,,,,,
6671736000,,,,,
6695836000,,,,,
6717568000,,,,,
6721367000,,,,,
6721391000,,,,,
6723748000,,,,,
6739127000,,,,,
6745996000,,,,,
6746054000,,,,,
6747072000,,,,,
6758945000,,,,,
6760170000,,,,,
6760491000,,,,,
6764919000,,,,,
6771016000,,,,,
6771845000,,,,,
6772517000,,,,,
6775010000,,,,,
6775022000,,,,,
6775024000,,,,,
6776695000,,,,,
6779404000,,,,,
6804571000,,,,,
6804574000,,,,,
6845671000,,,,,
6860378000,,,,,
6861006000,,,,,
6863386000,,,,,
6874417000,,,,,
6879672000,,,,,
6882640000,,,,,
6889876000,,,,,
6902136000,,,,,
6905236000,,,,,
6906063000,,,,,
6909945000,,,,,
6910276000,,,,,
6911584000,,,,,
6913109000,,,,,
6920539000,,,,,
6923624000,,,,,
6926013000,,,,,
6933911000,,,,,
6934176000,,,,,
6955734000,,,,,
6960216000,,,,,
6971128000,,,,,
6998061000,,,,,
7005316000,,,,,
7006139000,,,,,
7014862000,,,,,
7039986000,,,,,
7045248000,,,,,
7054350000,,,,,
7060651000,,,,,
7061785000,,,,,
7074660000,,,,,
7074688000,,,,,
7075388000,,,,,
7077872000,,,,,
7094811000,,,,,
7094817000,,,,,
7105169000,,,,,
7107996000,,,,,
7118696000,,,,,
7131543000,,,,,
7140396000,,,,,
7152946000,,,,,
7157862000,,,,,
7158040000,,,,,
7160974000,,,,,
7168413000,,,,,
7172532000,,,,,
7181580000,,,,,
7197044000,,,,,
7198120000,,,,,
7199763000,,,,,
7201209000,,,,,
7214174000,,,,,
7220868000,,,,,
7243510000,,,,,
7248867000,,,,,
7250575000,,,,,
7255864000,,,,,
7255865000,,,,,
7260787000,,,,,
7264915000,,,,,
7279229000,,,,,
7281634000,,,,,
7290351000,,,,,
7301319000,,,,,
7306091000,,,,,
7306584000,,,,,
7310560000,,,,,
7321056000,,,,,
7323243000,,,,,
7332458000,,,,,
7335576000,,,,,
7338357000,,,,,
7339620000,,,,,
7341057000,,,,,
7352477000,,,,,
7364929000,,,,,
7372739000,,,,,
7373334000,,,,,
7380435000,,,,,
7381798000,,,,,
7386312000,,,,,
7386321000,,,,,
7387378000,,,,,
7390706000,,,,,
7393784000,,,,,
7394368000,,,,,
7398411000,,,,,
7400645000,,,,,
7400646000,,,,,
7403361000,,,,,
7404484000,,,,,
7428796000,,,,,
7430251000,,,,,
7431031000,,,,,
7455809000,,,,,
7458630000,,,,,
7460667000,,,,,
7462552000,,,,,
7468148000,,,,,
7468780000,,,,,
7475773000,,,,,
7476516000,,,,,
7492171000,,,,,
7495767000,,,,,
7496257000,,,,,
7501732000,,,,,
7510562000,,,,,
7515790000,,,,,
7517400000,,,,,
7522332000,,,,,
7527835000,,,,,
7528915000,,,,,
7540324000,,,,,
7547256000,,,,,
7556357000,,,,,
7573601000,,,,,
7612055000,,,,,
7614004000,,,,,
7614773000,,,,,
7615578000,,,,,
7621649000,,,,,
7646321000,,,,,
7659981000,,,,,
7673573000,,,,,
7674052000,,,,,
7680477000,,,,,
7682651000,,,,,
7687901000,,,,,
7689524000,,,,,
7691129000,,,,,
7702204000,,,,,
7714307000,,,,,
7734583000,,,,,
7738699000,,,,,
7740940000,,,,,
7741081000,,,,,
7742182000,,,,,
7750754000,,,,,
7752627000,,,,,
7766532000,,,,,
7779894000,,,,,
7789361000,,,,,
7805914000,,,,,
7809149000,,,,,
7816843000,,,,,
7819637000,,,,,
7819664000,,,,,
7822133000,,,,,
7822177000,,,,,
7828139000,,,,,
7828453000,,,,,
7829652000,,,,,
7840521000,,,,,
7840744000,,,,,
7843396000,,,,,
7843511000,,,,,
7847583000,,,,,
7859464000,,,,,
7874227000,,,,,
7876897000,,,,,
7877642000,,,,,
7879816000,,,,,
7881012000,,,,,
7886467000,,,,,
7905467000,,,,,
7907789000,,,,,
7917628000,,,,,
7923555000,,,,,
7930842000,,,,,
7939938000,,,,,
7943864000,,,,,
7955133000,,,,,
7957511000,,,,,
7967582000,,,,,
7968606000,,,,,
7988818000,,,,,
8006825000,,,,,
8017443000,,,,,
8023406000,,,,,
8024536000,,,,,
8036485000,,,,,
8059739000,,,,,
8066431000,,,,,
8075755000,,,,,
8085640000,,,,,
8087374000,,,,,
8105336000,,,,,
8113311000,,,,,
8117923000,,,,,
8119031000,,,,,
8120599000,,,,,
8134284000,,,,,
8136114000,,,,,
8165416000,,,,,
8176679000,,,,,
8189025000,,,,,
8201704000,,,,,
8211571000,,,,,
8215457000,,,,,
8280363000,,,,,
8282455000,,,,,
8341060000,,,,,
8341063000,,,,,
8391994000,,,,,
8436280000,,,,,
8455174000,,,,,
8462718000,,,,,
8471094000,,,,,
8495236000,,,,,
8502162000,,,,,
8527603000,,,,,
8533800000,,,,,
8535855000,,,,,
8539873000,,,,,
8583155000,,,,,
8590969000,,,,,
8592604000,,,,,
8609998000,,,,,
8626526000,,,,,
8645230000,,,,,
8655533000,,,,,
8672077000,,,,,
8672196000,,,,,
8677990000,,,,,
8682134000,,,,,
8716618000,,,,,
8717240000,,,,,
8721070000,,,,,
8748987000,,,,,
8772182000,,,,,
8875417000,,,,,
8879623000,,,,,
8912183000,,,,,
8919612000,,,,,
8926840000,,,,,
8998394000,,,,,
9043631000,,,,,
9052979000,,,,,
9072346000,,,,,
9083768000,,,,,
9096371000,,,,,
9098825000,,,,,
9102259000,,,,,
9126811000,,,,,
9131902000,,,,,
9165373000,,,,,
9186023000,,,,,
9191933000,,,,,
9191985000,,,,,
9219744000,,,,,
9222458000,,,,,
9234464000,,,,,
9246278000,,,,,
9246732000,,,,,
9262780000,,,,,
9290506000,,,,,
9295108000,,,,,
9297186000,,,,,
9303802000,,,,,
9306474000,,,,,
9309372000,,,,,
9333918000,,,,,
9344185000,,,,,
9346856000,,,,,
9411989000,,,,,
9430791000,,,,,
9451290000,,,,,
9493165000,,,,,
9518460000,,,,,
9567956000,,,,,
9594565000,,,,,
9630407000,,,,,
9665451000,,,,,
9672142000,,,,,
9674892000,,,,,
9752265000,,,,,
9759573000,,,,,
9771998000,,,,,
9802822000,,,,,
9864881000,,,,,
9909912000,,,,,
9997213000,,,,,
10015933000,,,,,
10039992000,,,,,
10078080000,,,,,
10088119000,,,,,
10095867000,,,,,
10165452000,,,,,
10201304000,,,,,
10226771000,,,,,
10262483000,,,,,
10272295000,,,,,
10285286000,,,,,
10309697000,,,,,
10318943000,,,,,
10334626000,,,,,
10346913000,,,,,
10374116000,,,,,
10450456000,,,,,
10464916000,,,,,
10494279000,,,,,
10546454000,,,,,
10570062000,,,,,
10570209000,,,,,
10681829000,,,,,
10704197000,,,,,
10758021000,,,,,
10799976000,,,,,
10809840000,,,,,
10820044000,,,,,
10840744000,,,,,
10864669000,,,,,
10935316000,,,,,
11027029000,,,,,
11037726000,,,,,
11046405000,,,,,
11051657000,,,,,
11052539000,,,,,
11096779000,,,,,
11099340000,,,,,
11125613000,,,,,
11142342000,,,,,
11142355000,,,,,
11150299000,,,,,
11165673000,,,,,
11171214000,,,,,
11192877000,,,,,
11194079000,,,,,
11214054000,,,,,
11218147000,,,,,
11232140000,,,,,
11242493000,,,,,
11259893000,,,,,
11268197000,,,,,
11281641000,,,,,
11295168000,,,,,
11296634000,,,,,
11296647000,,,,,
11296656000,,,,,
11298938000,,,,,
11325856000,,,,,
11328290000,,,,,
11380560000,,,,,
11384534000,,,,,
11395954000,,,,,
11408949000,,,,,
11410897000,,,,,
11416417000,,,,,
11428456000,,,,,
11439756000,,,,,
11442531000,,,,,
11629041000,,,,,
11768994000,,,,,
11774720000,,,,,
11774896000,,,,,
11844028000,,,,,
11845714000,,,,,
11846840000,,,,,
11857749000,,,,,
11863160000,,,,,
11900588000,,,,,
11919544000,,,,,
11961264000,,,,,
11993019000,,,,,
11996892000,,,,,
12045264000,,,,,
12089899000,,,,,
12091655000,,,,,
12098615000,,,,,